city,year,weekofyear,ndvi_ne,ndvi_nw,ndvi_se,ndvi_sw,precipitation_amt_mm,reanalysis_air_temp_k,reanalysis_avg_temp_k,reanalysis_dew_point_temp_k,reanalysis_max_air_temp_k,reanalysis_min_air_temp_k,reanalysis_precip_amt_kg_per_m2,reanalysis_relative_humidity_percent,reanalysis_sat_precip_amt_mm,reanalysis_specific_humidity_g_per_kg,reanalysis_tdtr_k,station_avg_temp_c,station_diur_temp_rng_c,station_max_temp_c,station_min_temp_c,station_precip_mm,total_cases
iq,2000,26,0.1928857,0.1322571,0.3408857,0.2472,25.41,296.74,298.45,295.1842857,307.3,293.1,43.19,92.41857143,25.41,16.65142857,8.928571429,26.4,10.775,32.5,20.7,3,0
iq,2000,27,0.2168333,0.2761,0.2894571,0.2416571,60.61,296.6342857,298.4285714,295.3585714,306.6,291.1,46,93.58142857,60.61,16.86285714,10.31428571,26.9,11.56666667,34,20.8,55.6,0
iq,2000,28,0.1767571,0.1731286,0.2041143,0.1280143,55.52,296.4157143,297.3928571,295.6228571,304.5,292.6,64.77,95.84857143,55.52,17.12,7.385714286,26.8,11.46666667,33,20.7,38.1,0
iq,2000,29,0.2277286,0.1454286,0.2542,0.2003143,5.6,295.3571429,296.2285714,292.7971429,303.6,288.6,23.96,87.23428571,5.6,14.43142857,9.114285714,25.76666667,10.53333333,31.5,14.7,30,0
iq,2000,30,0.3286429,0.3221286,0.2543714,0.3610429,62.76,296.4328571,297.6357143,293.9571429,307,291.5,31.8,88.16142857,62.76,15.44428571,9.5,26.6,11.48,33.3,19.1,4,0
iq,2000,31,0.2055286,0.1907571,0.2316714,0.2553143,16.24,297.1914286,298.2857143,291.7257143,306.2,288.5,1,74.72857143,16.24,13.42142857,13.77142857,25.34,10.94,32,17,11.5,0
iq,2000,32,0.3124857,0.3299857,0.3805857,0.3872714,89.37,297.32,298.9785714,293.8214286,308.8,292.1,26.68,83.27571429,89.37,15.31142857,11.47142857,27.01666667,11.65,34,19.9,72.9,0
iq,2000,33,0.3841333,0.39224,0.34178,0.38275,42.08,297.6271429,299.3357143,293.9928571,307.9,290.6,16.9,82.49,42.08,15.46571429,13.7,26.58333333,10.31666667,33,20.5,50.1,0
iq,2000,34,0.4081571,0.3221571,0.4067143,0.3027143,49.22,298.2385714,299.5714286,292.9042857,310.1,291.3,5.59,74.74,49.22,14.44428571,13.77142857,26.9,13.4,34,19,89.2,0
iq,2000,35,0.3320429,0.3210571,0.3146143,0.3242571,53.65,299.2185714,300.9285714,293.4728571,310.5,292.9,16.07,74.15142857,53.65,15.05714286,12.45714286,27.11666667,12.26666667,34,20,78,0
iq,2000,36,0.2955857,0.2956833,0.3122143,0.2659286,23.12,300.8028571,301.9357143,290.6357143,312.8,291.5,2.5,57.78714286,23.12,12.65285714,14.9,28.36666667,12.9,35.8,21.7,56.9,1
iq,2000,37,0.2846571,0.3097571,0.3878833,0.3281571,34.62,299.8585714,301.3714286,293.64,310.7,292.3,4.1,71.66,34.62,15.22714286,13.85714286,27.425,12.775,34.5,20.5,18.9,0
iq,2000,38,0.3488143,0.2957167,0.4048429,0.2425714,97.55,297.4357143,298.5142857,292.7071429,310.2,288.3,3.2,77.48714286,97.55,14.33857143,11.31428571,27.53333333,12.56666667,36,20.5,104.2,0
iq,2000,39,0.1756857,0.09948333,0.2257143,0.1827857,95.89,299.3557143,300.8857143,293.2171429,310.8,290,2.6,71.46285714,95.89,14.79857143,14.94285714,27.15,12.175,34,20.5,57.9,0
iq,2000,40,0.33754,0.2769429,0.2775,0.25505,46.22,298.3728571,300.5,294.6642857,309.8,292.7,16.6,82.37142857,46.22,16.14857143,11.97142857,26.7,11.675,34,20,63,0
iq,2000,41,0.2235333,0.1339143,0.3498,0.1009167,31.1,298.4742857,300.2857143,294.5928571,309.2,291.9,21.9,81.52285714,31.1,16.07142857,13.48571429,27.65714286,11.3,34,21,3,1
iq,2000,42,0.2748,0.1870571,0.3739429,0.2794714,25.21,299.2114286,301.15,294.0071429,311.8,292.3,9.9,75.54,25.21,15.52857143,14.92857143,27.775,12.275,36,21,45.2,1
iq,2000,43,0.3673,0.30555,0.45538,0.3258,49.25,299.5414286,301.1,294.7085714,310.2,291.9,23.3,76.94142857,49.25,16.19571429,13.45714286,28,12.46666667,34.6,20,57.9,0
iq,2000,44,0.2951,0.21152,0.3044,0.2796167,67.64,299.44,300.8214286,295.2742857,312.2,292.4,20.2,79.42857143,67.64,16.86857143,13.32857143,27.6,12.33333333,35.5,21.1,7.1,0
iq,2000,45,0.2713667,0.1515667,0.34725,0.2318667,51.83,300.7485714,301.8071429,295.28,310.4,294.3,19.2,74.80285714,51.83,16.84714286,12.87142857,28.175,12.25,35.2,21.5,13.5,0
iq,2000,46,0.09993333,0.03586,0.1954857,0.06418333,39.25,301.6371429,302.6142857,294.2328571,311.8,294.2,3.6,67.18571429,39.25,15.88,13.37142857,29.025,13.1,36.4,21.7,0,0
iq,2000,47,0.1699833,0.2893,0.3009833,0.1709167,55.91,300.8728571,301.9142857,293.06,311.1,293.6,11.2,66.04285714,55.91,14.76857143,13.14285714,27.7,11.35,36.5,21.5,,0
iq,2000,48,0.2519714,0.2538,0.3235143,0.3191,20.65,299.23,301.2642857,294.7171429,310,293.5,14.5,78.88571429,20.65,16.24428571,12.01428571,27.05,11.575,34.2,21,19,0
iq,2000,49,0.1658333,0.1824143,0.2545667,0.18625,24.53,300.2428571,301.0285714,293.3057143,312.2,292,1.7,68.55714286,24.53,14.9,15.45714286,28,12,34,22,0.8,0
iq,2000,50,0.3387857,0.3168286,0.3503429,0.2977,111.06,298.7571429,300.3428571,294.52,311.4,291.9,48.76,80.40857143,111.06,16.09857143,11.97142857,26.61666667,9.65,33.8,21,67.2,1
iq,2000,51,0.2650143,0.1690571,0.2348667,0.3022429,3.9,300.4114286,302,291.0928571,311.2,294.6,5.7,60.64142857,3.9,13.18857143,13,28.2,12.28333333,35,21,0,0
iq,2001,1,0.2547143,0.2285286,0.2505857,0.287,59.11,297.9585714,298.9857143,296.99,305.5,293.2,64.6,94.95571429,59.11,18.67285714,6.942857143,27.33333333,11,33.3,21.8,38.9,0
iq,2001,2,0.3021333,0.2035167,0.2674333,0.274,69.85,298.0442857,299.4142857,294.3457143,309.8,292.5,22.98,82.34714286,69.85,15.85857143,11.08571429,27,11.225,33.2,20.7,59.9,0
iq,2001,3,0.1747571,0.1033167,0.2582429,0.1767286,149.71,298.3685714,300.2357143,295.0614286,308.7,294,24.92,84.17571429,149.71,16.6,11.01428571,27.05,10.9,33,20.5,52,0
iq,2001,4,0.2376,0.1912667,0.1258571,0.2314429,50.02,295.7228571,296.6714286,294.5942857,301.8,292.3,88.03,94.05714286,50.02,16.07142857,5.628571429,25.71666667,9.433333333,31.2,20,166.9,0
iq,2001,5,0.3415,0.2606667,0.3293857,0.3690714,87.18,295.2971429,296.1,294.4114286,302.2,292.2,80.95,95.40714286,87.18,15.86,5.142857143,26.43333333,9.666666667,33,20,147.8,0
iq,2001,6,0.2335857,0.161,0.1966143,0.2267,31.93,295.5114286,296.1285714,293.4085714,303.6,292.5,16.4,89.08,31.93,14.94714286,6.171428571,27.35,10.025,34.2,21.7,3.3,0
iq,2001,7,0.1554143,0.1350167,0.1485286,0.1571,66.84,295.37,296.4928571,294.4385714,304.4,292.3,37.96,94.88428571,66.84,15.93,6.042857143,26.3,8.95,33,21,83.1,0
iq,2001,8,0.1353714,0.0823,0.1297571,0.1840429,16.17,296.07,296.9785714,294.73,304.4,290.6,34.18,92.84285714,16.17,16.25142857,7.585714286,26.93333333,10,33.2,21,38.1,0
iq,2001,9,0.30764,0.2282167,0.2245,0.2912833,47.14,297.0385714,298.3071429,295.7671429,305.1,293.7,26.96,93.31428571,47.14,17.30857143,7.385714286,26.56,9.48,33.2,20.5,21.1,0
iq,2001,10,0.1820429,0.289,0.2068714,0.2063286,118.07,297.6185714,298.6928571,296.46,305.8,294.8,83.89,94.09285714,118.07,18.05571429,6.585714286,27.2,10.15,33.3,20,87.1,0
iq,2001,11,0.2053833,0.1769,0.2063571,0.2041286,74.34,296.79,298.1285714,295.5442857,309.3,292.8,195.2,94.09428571,74.34,17.06571429,8.285714286,27.05,12.1,34.2,20,39.9,0
iq,2001,12,0.1883429,0.1950333,0.1635429,0.2841429,90.35,298.7014286,299.75,295.1571429,309.7,293.2,32.6,82.80142857,90.35,16.75714286,10.61428571,27.43333333,11.43333333,34.1,20,70.8,0
iq,2001,13,0.16238,0.1508167,0.09465714,0.1322571,94.06,296.8528571,297.6,296.0785714,303.2,292.8,304.52,95.92428571,94.06,17.66857143,6.2,27.05,10.95,34.2,20,80,0
iq,2001,14,0.2678143,0.3126429,0.2615,0.2584,86.46,296.3057143,297.8285714,295.6957143,305.5,292.9,91.43,96.73714286,86.46,17.21,6.657142857,27.16,10.98,35,20.5,46.2,0
iq,2001,15,0.3827571,0.3709714,0.3438857,0.3762714,80.82,297.1757143,298.3,296.13,305.5,292.1,110.1,94.60285714,80.82,17.69571429,6.771428571,26.46,11.66,34,19.5,120.1,0
iq,2001,16,0.3125429,0.2822143,0.2621286,0.4074857,77.73,297.0628571,298.15,295.9857143,305.1,292.8,120.32,94.61571429,77.73,17.52,7.5,27.34,11.04,33.5,20.4,45.3,1
iq,2001,17,0.2456143,0.2148429,0.2733714,0.2288,78.01,297.9614286,299.2071429,295.4285714,307.8,293.2,78.3,88.14857143,78.01,16.96857143,10.24285714,27.63333333,10.93333333,34.3,21,14.9,0
iq,2001,18,0.2540143,0.179,0.3128286,0.2625571,94.77,297.2857143,298.65,295.74,305.6,293.1,103.87,92.19285714,94.77,17.30571429,7.414285714,27.625,11.325,35.2,20.5,51,0
iq,2001,19,0.2664571,0.1886,0.1962,0.2273286,45.56,297.1357143,298.2,296.3328571,305.1,292.1,85.9,95.82,45.56,17.89142857,7.085714286,26.6,8.8,32.7,21.4,66,0
iq,2001,20,0.3153429,0.31965,0.2627,0.3034857,74.08,297.2971429,298.3071429,296.99,305.6,294.7,80.3,98.34142857,74.08,18.64,5.642857143,,,32.5,,0,0
iq,2001,21,0.2985857,0.3796667,0.1842429,0.2685286,70.81,296.9228571,297.9571429,295.8271429,305.6,293,53.1,94.71,70.81,17.36857143,8.542857143,27.43333333,11.93333333,34.2,20.5,64.1,1
iq,2001,22,0.2999429,0.3029429,0.3187143,0.3874429,90.07,296.8457143,298,295.18,304.8,291.8,20.3,91.46571429,90.07,16.69428571,8.8,27.25,12.65,34.8,20.5,32,1
iq,2001,23,0.3635667,0.1819143,0.2539714,0.2467286,126.46,296.6914286,297.8928571,294.46,307.6,291.5,30.63,89.48714286,126.46,15.96857143,9.728571429,26.86666667,10.73333333,34,19.8,17,0
iq,2001,24,0.3170833,0.2989667,0.2198714,0.2173429,47.13,295.4828571,296.4357143,294.3414286,302.6,291.9,95.06,94.01714286,47.13,15.78285714,7.271428571,26.88,10.68,33.4,20,37.1,0
iq,2001,25,0.1041,0.1082429,0.05965714,0.1137571,53.93,296,297.3214286,293.6471429,305.2,291,13.45,88.17142857,53.93,15.13428571,9.414285714,26.4,10.05,33.2,20.5,9.9,1
iq,2001,26,0.1923,0.2752857,0.3164571,0.3254143,1.22,294.8457143,296,290.5728571,306.1,288.4,1.82,79.32285714,1.22,12.46428571,12.34285714,,,32.3,17.1,31,0
iq,2001,27,0.2290833,0.1932667,0.2704571,0.2421857,52.1,295.7957143,297.05,292.7528571,305,291.3,23.6,84.85714286,52.1,14.29714286,8.557142857,26.5,11.36666667,33.2,20,70.1,0
iq,2001,28,0.3597167,0.3110571,0.2649857,0.4388429,39.09,295.8085714,297.0214286,293.4385714,307.2,290.3,16.7,88.32285714,39.09,14.92857143,9.7,27.35,10.95,33.5,19.5,22.3,0
iq,2001,29,0.3195,0.2050857,0.1947429,0.3616333,52.05,297.5557143,298.9285714,294.1157143,307.9,291.1,18,84.24571429,52.05,15.60571429,11.42857143,26.76666667,10.06666667,32.8,21,36.8,0
iq,2001,30,0.2911571,0.2526333,0.2182,0.3259857,54.52,296.8157143,298.2214286,294.9914286,306,292,38.29,90.81428571,54.52,16.50571429,10.27142857,27.36666667,11.4,34,21.2,25.2,0
iq,2001,31,0.2371167,0.1956167,0.1883143,0.1339,27.97,297.2914286,299.1785714,293.4528571,308.1,289.8,9.71,82.22571429,27.97,14.98571429,12.87142857,26.52,10.88,34,18.4,10.9,0
iq,2001,32,0.2007571,0.2377286,0.2236429,0.2043571,0,298.5371429,300.1357143,291.3871429,308.7,291,0.2,66.66428571,0,13.15857143,14.64285714,27.1,12.175,33.5,17.8,,0
iq,2001,33,0.2821714,0.2735571,0.2658571,0.3664571,5.14,298.3957143,299.7857143,292.0242857,309.7,292,0,69.47571429,5.14,13.71571429,13.31428571,27.125,12.25,33.4,20,18,0
iq,2001,34,0.2407571,0.1931143,0.2063429,0.2469143,9.97,298.44,299.8142857,294.0171429,308.8,291.7,30.1,78.38857143,9.97,15.51142857,12.2,27.6,11.68,34.2,20,47.9,0
iq,2001,35,0.2280714,0.1999857,0.2331429,0.2646429,47.58,298.7514286,300.5142857,293.7257143,311.2,293,16.9,76.95571429,47.58,15.25142857,12.8,27.2,12.46666667,35.2,20,31,0
iq,2001,36,0.30695,0.2410286,0.1908714,0.3389429,44.45,298.6914286,300.5214286,294.9057143,311.2,291.7,39.8,81.98714286,44.45,16.43714286,13.44285714,27.375,12.15,34.3,20.8,35.1,0
iq,2001,37,0.3084571,0.2503143,0.2983,0.4290714,36.2,298.6657143,300.1214286,294.1228571,311.5,290.9,19.6,78.95714286,36.2,15.65857143,13.78571429,27.375,11.525,35.2,20.1,41.9,0
iq,2001,38,0.3533143,0.3439714,0.3586714,0.3530429,66.4,297.9628571,299.4214286,294.5971429,309,292.9,65.54,84.03285714,66.4,16.10428571,10.92857143,27.525,12.75,35,20.2,69,0
iq,2001,39,0.3346714,0.3886143,0.2854,0.3197714,26.48,298.7071429,300.9071429,294.2957143,310.4,291.7,21.9,79.36571429,26.48,15.89428571,14.04285714,27.25,11.925,33.4,20.3,13.2,0
iq,2001,40,0.3343857,0.2712857,0.2416857,0.4444,63.42,299.5471429,300.7071429,294.7685714,311,291.8,32.6,78.33,63.42,16.34,14.12857143,28.3,13.34,35.5,20.4,14.2,0
iq,2001,41,0.4202857,0.3819571,0.4438,0.5460167,58.75,299.1585714,300.2857143,293.8128571,312.3,290.8,12.3,74.41857143,58.75,15.32714286,11.34285714,28.525,12.475,36.8,21.8,30.9,0
iq,2001,42,0.3102,0.2971286,0.3454857,0.3820571,77.89,300.3085714,302.2,294.2142857,312.9,292.4,49.2,72.16285714,77.89,15.87285714,12.88571429,27.63333333,12.53333333,36.7,20,159,0
iq,2001,43,0.1244833,0.2392667,0.1845,0.2055714,77.15,298.5842857,300.0714286,296.6071429,310.6,293.9,114.36,90.26571429,77.15,18.26714286,9.857142857,28.06666667,11.96666667,35,21,89.1,0
iq,2001,44,0.2108857,0.2075667,0.2066143,0.232,83.53,298.3414286,299.5071429,295.3057143,308.8,292,46.46,85.57285714,83.53,16.95857143,11.27142857,27.64,10.38,35.8,21.5,76,0
iq,2001,45,0.3581429,0.2793429,0.3059714,0.3714,34.54,298.5142857,299.75,296.1957143,309.7,292.5,164.74,89.00428571,34.54,17.82142857,10.1,27.525,11.025,34.4,21.3,35.1,0
iq,2001,46,0.2773286,0.2303,0.2773,0.2969714,61.82,298.8471429,300.5785714,296.1985714,310.5,294,181.2,87.48142857,61.82,17.8,9.7,28.44,10.18,34.5,21,43.9,0
iq,2001,47,0.3297,0.3304167,0.3406429,0.4415714,65.89,299.12,300.4857143,296.7528571,309.5,294.2,56.3,88.83714286,65.89,18.45142857,9.228571429,27.575,11.575,33.7,20.8,31,1
iq,2001,48,0.3015,0.3613,0.3055714,0.3699167,47.46,298.5557143,299.6357143,295.8114286,310,294.4,31.5,87.37714286,47.46,17.42714286,8.014285714,28.23333333,11.66666667,35.3,21.8,12.2,1
iq,2001,49,0.3250571,0.2264714,0.2992571,0.3504714,46.86,298.7542857,300.2214286,295.9814286,308.5,294.6,158.5,87.24,46.86,17.59571429,8.871428571,28.425,11.65,35.5,21.2,23.1,1
iq,2001,50,0.3260333,0.2355333,0.3155714,0.3066429,138.22,298.2457143,299.5928571,297.5,305.8,293.9,72.94,96.11857143,138.22,19.30571429,7.785714286,27.84,10.96,35,21,75,2
iq,2001,51,0.2229429,0.2240714,0.2128143,0.1841286,43.95,298.5642857,299.6785714,297.2114286,309.3,295.1,85.9,93.94714286,43.95,18.96571429,7.385714286,27.075,9.5,32.9,21,57.9,4
iq,2001,52,0.2981889,0.3380778,0.2887889,0.3417,100.72,298.2385714,299.35,297.5114286,306.7,294.7,109.64,96.35571429,100.72,19.30285714,6.5,27.35,8.65,33.3,22,25.1,1
iq,2002,1,0.4057286,0.3484,0.3686429,0.3800143,70.16,297.1328571,297.8714286,296.06,304.5,292.5,109.8,94.58857143,70.16,17.61857143,5.942857143,27.95,9.45,33.2,23,45.3,4
iq,2002,2,0.3275833,0.3759167,0.4102667,0.3833333,64.79,300.0128571,301.2714286,294.9128571,309.8,294.8,5.5,76.60285714,64.79,16.48285714,11.4,28.96666667,11.93333333,35.4,21,7.1,11
iq,2002,3,0.2410857,0.14565,0.2780286,0.1976429,22.77,299.8771429,300.9071429,294.6057143,309.4,291.8,4.7,75.20428571,22.77,16.15714286,12.12857143,28.8,12.76666667,36,22,5,16
iq,2002,4,0.1041286,0.1483286,0.1121857,0.1419143,121.07,298.9157143,299.8785714,295.11,308.7,293.2,19.91,81.52714286,121.07,16.67714286,10.21428571,27.94,11.8,35.8,21,18,23
iq,2002,5,,,,,59.4,296.8585714,297.9,296.1371429,304.2,294.1,43.12,96.26714286,59.4,17.69,5.228571429,26.3,9.7,32.5,20.8,120.2,12
iq,2002,6,0.1849167,0.1733286,0.1687429,0.1844286,4.68,295.9128571,296.6928571,295.2314286,304.2,292,69.96,96.64142857,4.68,16.72285714,5.185714286,26.625,9.725,34,20.8,70.4,14
iq,2002,7,0.2919714,0.2241429,0.3051,0.3732714,104.37,297.8471429,299.2928571,296.5442857,304.7,294.5,33.3,93.43857143,104.37,18.14714286,7.7,27.85,10.725,33.6,20.8,62.8,18
iq,2002,8,0.1288,0.1224333,0.09594286,0.1251714,37.46,297.6957143,299.0214286,296.1228571,305.5,293.9,49.43,92.05,37.46,17.68714286,7.728571429,27.02,9.78,33.5,21,14,8
iq,2002,9,0.1162,0.1787429,0.08991429,0.2104143,80.14,297.0628571,298.1928571,296.5142857,305,294.5,201.2,97.15714286,80.14,18.12571429,5.814285714,26.7,9.6,32.2,20.5,47.6,7
iq,2002,10,0.3183667,0.2556,0.266,0.2973833,92.84,298.54,299.9571429,296.6985714,308.8,294.5,160.1,91.22142857,92.84,18.36142857,8.971428571,27.85,13.2,35.7,21,48.3,10
iq,2002,11,0.2483857,0.1795,0.2698143,0.2992333,41.96,298.3585714,300.15,296.2385714,309.2,293.8,46.9,89.77857143,41.96,17.79571429,9.414285714,26.95,10.45,34.5,21.6,9.1,7
iq,2002,12,0.2265857,0.2483333,0.2302,0.2435143,61.18,297.9514286,299.2428571,296.81,305.8,294.1,92.4,94.16571429,61.18,18.44285714,7.371428571,26.95,11.775,33.3,20.6,76.8,10
iq,2002,13,0.2127857,0.27455,0.1987,0.2284571,110.42,296.4071429,297.2142857,296.1085714,303.6,293.9,127.9,98.45714286,110.42,17.68,4.4,26.1,10.3,32.3,20.7,49,5
iq,2002,14,0.19708,0.2962286,0.1805,0.2763286,94.01,297.1742857,298.0642857,296.7414286,303.9,294.5,122.3,97.77571429,94.01,18.39571429,6.185714286,27.3,10.4,32.5,20.2,20.1,11
iq,2002,15,0.2698286,0.1968143,0.2025857,0.2662857,75.98,296.8628571,297.7,296.3514286,303.3,294.1,187.8,97.24428571,75.98,17.93,5.142857143,26.3,9.4,31.4,20.8,13,8
iq,2002,16,0.26935,0.2121571,0.1889286,0.1949429,109.49,297.7642857,298.9214286,296.31,305,294.4,49.8,92.61571429,109.49,17.93571429,6.728571429,27.2,13,34.6,20.3,,18
iq,2002,17,0.2678429,0.2614143,0.2485,0.2669286,45.59,297.5842857,298.8142857,296.6314286,305.2,293.9,96.1,95.25142857,45.59,18.22285714,7.314285714,27.26666667,10.7,33.3,21.7,53.9,13
iq,2002,18,0.1703571,0.1418286,0.1977286,0.2570714,60.05,297.4085714,298.55,296.2228571,303.8,292.8,52.6,93.84571429,60.05,17.80714286,7.5,,,33.5,21.2,1,9
iq,2002,19,0.2272571,0.1782429,0.1773857,0.2101143,101.3,297.3557143,298.4357143,296.4442857,304.4,293,66.85,95.22,101.3,18.02428571,8.042857143,27.5,11.525,34,21.3,25.4,22
iq,2002,20,0.1338,0.1096333,0.2196143,0.1417,46.79,296.7842857,297.5857143,296.2214286,303.7,293.9,93.4,97.24285714,46.79,17.74428571,5.085714286,26.86666667,9.7,32.3,20.8,543.3,10
iq,2002,21,0.1921143,0.1776429,0.2308571,0.2222,51.25,297.05,298.6214286,296.0242857,306.2,292.7,32.3,94.80428571,51.25,17.58428571,8.5,27.7,12.15,33.8,20.8,9.1,5
iq,2002,22,0.1764571,0.1749143,0.1881571,0.2386286,41.54,297.5571429,298.7142857,296.2714286,305.9,292.4,58.02,93.78857143,41.54,17.82285714,7.657142857,26.325,9.775,32.3,20.8,146.7,13
iq,2002,23,0.3204714,0.2780857,0.2377286,0.3431857,72.76,296.2671429,297.0857143,295.2357143,305.3,291.5,19.12,94.34571429,72.76,16.77428571,8.742857143,27.3,11.63333333,34.3,20.7,28,2
iq,2002,24,0.3862667,0.2591333,0.3284143,0.3916286,69.62,297.2571429,298.9714286,296.1071429,305.8,293.4,39.48,94.14428571,69.62,17.63857143,8.971428571,27.8,11.5,34,20.7,1,11
iq,2002,25,0.2212714,0.1735143,0.2119714,0.2252143,39.16,296.8071429,297.5142857,293.8714286,306.4,288.4,22.95,85.73714286,39.16,15.41428571,10.71428571,26.23333333,8.733333333,33,18.8,31,11
iq,2002,26,0.1791714,0.2791,0.1326143,0.2132857,3.18,295.8085714,296.9071429,292.1471429,305.3,290,14.1,82.16714286,3.18,13.87,10.72857143,26.15,10.8,32.6,18.6,7.1,3
iq,2002,27,0.1015429,0.1266,0.1193571,0.07624286,3.27,294.6357143,294.8928571,291.7942857,305.1,287.4,6.2,85.56571429,3.27,13.45428571,8.7,26.275,9.5,32.6,20.7,5.1,7
iq,2002,28,0.21602,0.2350667,0.1511857,0.2129714,5.71,295.8828571,297.0357143,292.95,307.1,291.2,8.7,85.67285714,5.71,14.46428571,8.785714286,26.13333333,10.63333333,32.3,20.3,26.3,7
iq,2002,29,0.1080429,0.07298571,0.1112286,0.1179714,63,296.4428571,297.7428571,293.3271429,306.3,290.6,8.3,84.66857143,63,14.81857143,11.17142857,25.4,9,30.1,20.1,0,4
iq,2002,30,0.2225,0.2631,0.2489857,0.3464714,65.55,296.8757143,298.3,293.4228571,307.4,288.3,12.41,83.49714286,65.55,14.93,11.97142857,27.8,11.6,33.6,19.5,68.1,5
iq,2002,31,0.3870143,0.2601714,0.3492714,0.2830571,89.93,297.1614286,298.7285714,294.6242857,308.5,292.8,23.33,87.03428571,89.93,16.07571429,10.6,26.7,11.14,33.8,19.3,35.6,6
iq,2002,32,0.3041167,0.2788429,0.3074571,0.3378429,14.34,296.7957143,298.6428571,292.6742857,308,289.1,5.44,80.47,14.34,14.24571429,13.45714286,27.25,12.8,34,20.2,0,7
iq,2002,33,0.3771571,0.3059,0.2884,0.3608429,9.81,298.3042857,299.3357143,291.6785714,308.9,290.8,1.7,69.06,9.81,13.44142857,14.38571429,27.83333333,12.23333333,35.1,20.6,7.1,7
iq,2002,34,0.345425,0.31354,0.29505,0.3092667,31.71,296.1842857,296.7357143,292.4514286,308.6,288.8,5.61,82.14142857,31.71,14.04571429,12.75714286,,,33.1,20.8,70.6,4
iq,2002,35,0.3045429,0.2694429,0.2508571,0.3224714,38.8,298.4128571,299.9857143,293.8742857,310.3,291.6,10.7,77.76571429,38.8,15.41285714,12.8,27.4,11.15,35.1,20.9,24.1,9
iq,2002,36,0.2290143,0.1319714,0.2494571,0.1908857,81.85,299.3957143,300.6785714,294.5314286,310.5,293.9,13.1,77.08285714,81.85,16.03428571,11.92857143,27.4,10.475,33.3,21.7,17,17
iq,2002,37,0.3075429,0.2941714,0.3234,0.1907714,25.36,299.0157143,300.2071429,293.2114286,310,290,3.2,73.14142857,25.36,14.74571429,14.04285714,28.23333333,13.23333333,35.9,19.9,89.9,8
iq,2002,38,0.3274143,0.3472571,0.3386714,0.3838714,11.49,300.32,301.0428571,292.2714286,311.2,291.8,0.8,64.68857143,11.49,13.97428571,16.02857143,28.9,12.7,36.6,21.5,0.8,22
iq,2002,39,0.2379833,0.3084286,0.2681143,0.3200429,38.56,299.2385714,301.1142857,294.4142857,312.6,291.5,41.1,79.56285714,38.56,16.18,13.17142857,27.9,12.2,36,20.4,86.9,18
iq,2002,40,0.2721143,0.1793667,0.3142429,0.2741714,70.98,299.6542857,301.2357143,293.8142857,313.2,291.8,24.1,74.25,70.98,15.63428571,13.75714286,29.2,14.13333333,37.7,21.7,74.2,21
iq,2002,41,0.37815,0.3857833,0.2314286,0.2459333,70.22,298.7171429,300.55,295.6614286,310.6,293.4,34.4,85.13714286,70.22,17.21142857,12.52857143,28.075,11.45,34.6,21.8,79.8,16
iq,2002,42,0.1992714,0.1592429,0.2581286,0.2277143,21.96,298.2971429,299.7142857,295.5857143,308.8,292.1,40.7,86.99857143,21.96,17.18571429,10.65714286,28,11.63333333,34.2,22,4.5,31
iq,2002,43,0.2278714,0.2144571,0.2997714,0.2229429,48.94,297.3314286,298.15,294.9614286,304.5,292.5,35.4,87.71714286,48.94,16.49,8.5,27.95,10.3,36,21.8,167.8,25
iq,2002,44,0.3290857,0.2862143,0.2940571,0.3159286,89.77,298.5185714,300.2428571,296.9,307.3,294.9,39.7,91.94428571,89.77,18.60285714,9.028571429,,,34.1,22.5,34.1,28
iq,2002,45,0.3071429,0.27695,0.2879286,0.3642857,95.47,297.5371429,298.6571429,296.6371429,306.5,293.9,124.2,95.28571429,95.47,18.26714286,6.514285714,28.3,11,33.8,22.6,63.9,26
iq,2002,46,0.2368333,0.2021571,0.2095143,0.1620286,91.36,297.1657143,298.0214286,296.3228571,306.6,293.9,91.33,96.04714286,91.36,17.90714286,5.471428571,27.6,10.7,33.6,21.4,212.6,18
iq,2002,47,0.2506143,0.2791333,0.2156333,0.2982667,61.69,297.3757143,298.8285714,296.7814286,305.9,294.4,85.8,96.84,61.69,18.41571429,7.4,27.35,8.9,33.5,21.7,77,27
iq,2002,48,0.3109286,0.2852286,0.2907286,0.2563286,60.15,298.35,299.8928571,297.0728571,309.5,292,56.92,93.39571429,60.15,18.78428571,10.38571429,28.1,10.55,34,22,17.2,11
iq,2002,49,0.3008,0.2528,0.3449571,0.3483286,49.69,298.3242857,299.6571429,296.4857143,306.8,294.3,49.2,90.66285714,49.69,18.10571429,8,28.5,9.75,33.7,22.9,46,38
iq,2002,50,0.2680286,0.1424286,0.2886714,0.1850714,35.02,297.8842857,298.95,296.39,307.4,294.2,30.89,92.61428571,35.02,18.00428571,7.928571429,27.65,9.45,34,22.9,57.2,29
iq,2002,51,0.2542286,0.1839143,0.2707143,0.2090286,25.73,297.8185714,299.0571429,296.6271429,306,294.8,24.3,93.84571429,25.73,18.26142857,6.857142857,27.98,8.72,34,23.3,24,21
iq,2002,52,0.1194,0.1364,0.1718286,0.1895857,151.73,297.8728571,299.1714286,296.63,305.7,293.8,54.7,93.40857143,151.73,18.23571429,8,27.975,10.65,33.8,21.9,137.9,11
iq,2003,1,0.3234143,0.3004143,0.3291857,0.3184286,46.91,299.3757143,300.8214286,295.8714286,308.6,293.1,28.3,84.06,46.91,17.45285714,12.1,28.45,9.95,34.4,22.4,92.9,10
iq,2003,2,0.4884,0.4024429,0.4149286,0.4697,11.77,297.6842857,299.1714286,295.9442857,308.6,291.5,33.6,91.56,11.77,17.49714286,8.428571429,28.93333333,10.2,35,22.1,35.1,5
iq,2003,3,0.303,0.1694667,0.2915429,0.3012857,60.46,296.92,298.6142857,295.9014286,305.2,293.4,27.9,94.37428571,60.46,17.43,7.742857143,28,9.5,33.3,22.5,164.4,6
iq,2003,4,0.2249571,0.2602714,0.2069286,0.2895,84.05,298.1257143,299.5642857,295.0014286,307.7,291.6,8.8,84.46,84.05,16.51428571,10.27142857,28.4,10.6,34.2,23,67.1,2
iq,2003,5,0.1660286,0.1406286,0.1913857,0.1834429,35.05,299.4871429,300.2428571,294.0128571,310,292.5,6.26,74.88428571,35.05,15.59285714,11.77142857,28.6,12,35.4,22.5,7.9,1
iq,2003,6,0.19145,0.08642857,0.1368,0.1567143,56.36,297.2185714,298.4,296.2185714,304.9,292,170.6,94.55285714,56.36,17.85285714,7.457142857,26.6,7,33.8,22.4,41.9,2
iq,2003,7,0.3137143,0.2284143,0.2521143,0.2864714,70.63,296.5857143,297.6714286,295.52,302.9,293.2,38.7,94.35428571,70.63,17.01571429,6.028571429,26.75,8.35,33.2,22.4,55.9,2
iq,2003,8,0.1262571,0.1355143,0.1036571,0.1337143,25.03,298.5671429,300.1,296.3928571,308.6,292.5,41.1,89.97428571,25.03,18.02,10.88571429,,,32.4,23.3,121.9,3
iq,2003,9,0.2976,0.2366333,0.22915,0.2072833,132.2,299.35,300.5142857,296.41,308.6,294.4,53.6,86.01285714,132.2,18.04428571,9.114285714,29.4,11.2,35,22.9,0,5
iq,2003,10,0.1695286,0.1389571,0.2340571,0.1851429,63.71,297.5085714,298.8928571,295.9428571,306.6,294.3,134.46,92.46857143,63.71,17.5,7.9,27.95,9.1,32.9,22.9,5,1
iq,2003,11,0.2,0.1902857,0.1589429,0.1636286,47.97,296.68,297.6357143,295.9414286,305.9,292.4,186.8,96.17142857,47.97,17.51571429,6.242857143,26.7,7.5,32,22.1,98.4,4
iq,2003,12,0.2142143,0.2251571,0.2191714,0.2485,109.04,297.8928571,299.1714286,296.6328571,308.9,293.4,362.03,93.62857143,109.04,18.25285714,8.342857143,27.6,9.9,33.5,22.7,61.9,2
iq,2003,13,0.1475286,0.2694571,0.1268571,0.2059143,93.61,298.6442857,300.3928571,296.8185714,308.1,294.3,44.5,91.59428571,93.61,18.48428571,9.471428571,30.8,15.8,42.2,21.8,75.9,4
iq,2003,14,0.2482,0.2627714,0.2065,0.2886857,89.38,298.0771429,299.6428571,296.6428571,307.5,292.9,44.72,93.01428571,89.38,18.27857143,9.342857143,28.26,9.96,34.2,22.6,75,0
iq,2003,15,0.2052429,0.1842,0.1931286,0.2087857,78.59,298.0828571,298.9714286,297.3585714,305.9,293.9,86.23,96.27,78.59,19.07857143,7.028571429,28.175,9.675,34.5,22.9,79,0
iq,2003,16,0.2668286,0.2182286,0.1998714,0.2621429,51.14,296.7471429,297.5214286,295.99,304,293.2,43.85,95.99285714,51.14,17.53428571,4.757142857,27.72,8.48,34.2,22.4,49,0
iq,2003,17,0.3234429,0.2531714,0.2852286,0.2931,77.34,297.9928571,299.4785714,296.5014286,306.3,293.4,56.6,92.54714286,77.34,18.15571429,8.385714286,28.2,10.45,33.9,21.8,82.9,0
iq,2003,18,0.4350571,0.3769143,0.2636143,0.3348429,65.43,296.6914286,297.5857143,296.16,304.5,294,247.6,97.27714286,65.43,17.68857143,5.085714286,27.2,8.333333333,32.9,22.7,105.9,1
iq,2003,19,0.1994286,0.1501,0.1834667,0.1477,138.05,296.4542857,297.9642857,295.7042857,305.2,292.9,59.5,96.14,138.05,17.22285714,7.157142857,28.35,9.316666667,33.6,23.4,69,1
iq,2003,20,0.2454286,0.1847,0.2614571,0.2688857,84.16,294.9228571,295.2428571,294.5671429,301.5,290.1,95.3,98.13285714,84.16,16.08571429,4.771428571,27,8.8,32.5,22,246.2,1
iq,2003,21,0.1892571,0.16695,0.1843,0.1707429,23.7,295.8785714,296.8357143,295.0357143,304.1,291.6,34.56,95.85428571,23.7,16.51571429,6.757142857,27.46666667,8.9,32.5,22.3,145.8,1
iq,2003,22,0.2411429,0.1987,0.2537286,0.2544571,166.52,297.6485714,298.9714286,296.08,306.1,293.3,113.8,92.46142857,166.52,17.61857143,9.314285714,27.7,8.72,35,22.4,187.9,1
iq,2003,23,0.2369571,0.1213143,0.1923143,0.2074,70.25,296.5914286,297.7571429,296.1271429,303.9,294.2,40.7,97.61714286,70.25,17.65142857,5.514285714,27.2,8.15,33.4,22.4,72.1,2
iq,2003,24,0.3135857,0.3539833,0.2658571,0.2809143,98.72,296.8371429,297.8071429,296.1171429,303.4,292.8,61.8,96.22285714,98.72,17.66857143,7.071428571,27.7,9.575,33.2,21.6,107,3
iq,2003,25,0.3237,0.2755,0.3547571,0.2723143,47.15,296.0085714,296.7571429,293.9785714,304.9,291,5.56,90.04857143,47.15,15.47714286,8.914285714,27.525,10.725,33.5,21.8,40.4,4
iq,2003,26,0.1882571,0.2322667,0.1737714,0.1928,88.88,295.3871429,296.3571429,294.5428571,303.7,291.8,38.1,95.57571429,88.88,15.98571429,6.542857143,26.95,9.45,32.7,21.9,93.5,6
iq,2003,27,0.2618143,0.1715857,0.3099429,0.2584286,61.09,295.1285714,295.9928571,294.0371429,305.5,291.7,42.5,94.12714286,61.09,15.51142857,6.5,25.86666667,7.5,33.8,21.7,79.3,2
iq,2003,28,0.1802714,0.1629714,0.1541286,0.1611,53.58,296.9428571,298.3071429,294.1542857,307.3,291.4,13.55,86.65571429,53.58,15.61857143,10.1,27.075,10.875,33.2,20.7,1.5,2
iq,2003,29,0.1935714,0.16885,0.1590857,0.2314714,65.2,296.79,298.1714286,293.6428571,306.6,287.3,27.06,85.61142857,65.2,15.29714286,12,27.66666667,10.83333333,33.4,17.4,23.8,5
iq,2003,30,0.2858143,0.1630714,0.2880286,0.2774571,2.64,296.4857143,298.0428571,291.85,305.4,289.2,6.39,77.80428571,2.64,13.55857143,11.42857143,26.46666667,10.36666667,32.1,18,9.9,1
iq,2003,31,0.2077857,0.1562143,0.1743286,0.2188143,24.64,296.8228571,298.3571429,293.1842857,306.9,291.2,12,82.27,24.64,14.68571429,10.31428571,27.225,9.9,32.4,21.3,69.1,1
iq,2003,32,0.2443714,0.1746429,0.2174143,0.2323,89.28,297.6585714,298.55,293.0457143,308.2,290.8,6.5,77.86142857,89.28,14.58428571,12.64285714,27.85,11.2,34.2,21.3,117,0
iq,2003,33,0.2471143,0.1711143,0.2337429,0.2638,52.47,297.3385714,298.2714286,294.1185714,307,291.3,21,83.92714286,52.47,15.58857143,10.65714286,27.4,10.05,34.4,21.7,79,0
iq,2003,34,0.4252429,0.3624833,0.3566143,0.3855286,45.38,297.3657143,298.8571429,293.5114286,308.1,292,35.1,81.94285714,45.38,15.01,10.05714286,27.75,11.9,34,20,18.3,0
iq,2003,35,0.2495857,0.2122,0.2508143,0.2652143,29.51,297.8757143,299.6714286,294.9328571,306.6,291.2,18.03,85.72571429,29.51,16.44571429,10.88571429,28,12.1,34.4,21.4,95.7,0
iq,2003,36,0.3417,0.2863143,0.2101857,0.2659857,8.84,297.3814286,298.4428571,290.97,309.5,289.1,33.5,70.92857143,8.84,12.94714286,12.77142857,26.65,11.9,33.9,18.5,0.8,2
iq,2003,37,0.2232286,0.2028714,0.1952571,0.2701857,36.42,298.8314286,300.1928571,293.9271429,310.2,292,6,76.53285714,36.42,15.44714286,12.67142857,27.83333333,12.3,34.3,21,53.1,0
iq,2003,38,0.3644857,0.2609857,0.3164571,0.3851571,55.73,296.9485714,297.7071429,293.6842857,310.6,288.2,115.2,85.03,55.73,15.31142857,10.75714286,27.8,11.6,35.3,16.8,92.3,3
iq,2003,39,0.4011857,0.3545167,0.3276714,0.3920429,100.55,298.1442857,299.2928571,295.7371429,307.9,293,53.36,88.11714286,100.55,17.26285714,9.471428571,28.03333333,10.63333333,34.7,21.8,27.2,0
iq,2003,40,0.2535,0.2371143,0.2290286,0.2321714,74.6,299.3571429,300.7,295.8285714,310.6,292.9,253.3,83.68285714,74.6,17.45142857,11.6,28.575,12.175,35.5,21.8,34.5,0
iq,2003,41,0.1760286,0.1963833,0.2257571,0.2349286,38.3,297.9157143,299.8857143,296.3128571,309,292.5,42.5,92.16571429,38.3,17.91428571,11.2,27.2,9.35,35.7,22.3,138.2,0
iq,2003,42,0.2758286,0.2288429,0.2752,0.2871143,44.16,298.1628571,299.35,296.2014286,305.6,293.8,34.6,90.34285714,44.16,17.79714286,8.528571429,28.3,10.65,34.4,22.9,36,2
iq,2003,43,0.4750143,0.3795,0.4249429,0.4324429,39.52,298.9571429,300.6785714,296.2242857,311.2,294.6,41.2,87.37,39.52,17.89571429,9.957142857,27.975,10.475,34.5,20.7,32.1,2
iq,2003,44,0.1345143,0.1314714,0.1153571,0.1212714,32.47,300.0414286,300.8428571,295.2957143,310.1,292.3,6.1,77.78428571,32.47,16.87285714,12.08571429,28.73333333,11.13333333,35.5,22.8,56.4,3
iq,2003,45,0.3946571,0.3269571,0.3912143,0.4190429,105.14,298.1357143,299.9571429,295.74,310.8,292.3,85.3,88.48,105.14,17.39,9.428571429,27.6,9.566666667,34,21.9,139.7,3
iq,2003,46,0.3176857,0.3246,0.2498,0.3244714,31.08,298.3671429,300.1714286,295.6457143,308.4,290.9,36.4,86.75571429,31.08,17.29285714,10.62857143,28.5,10.85,35.5,20.8,79,3
iq,2003,47,0.2636429,0.2816571,0.2466667,0.3012571,123.63,298.6814286,300.1071429,296.7257143,307,294.8,40.8,90.88285714,123.63,18.37857143,9.042857143,27.9,10.55,36,22.4,284.4,1
iq,2003,48,0.2749,0.2452,0.3094571,0.2953286,81.27,299.2228571,299.6071429,296.53,308.5,294.3,51.4,86.99571429,81.27,18.27,9.071428571,28.3,10.23333333,34.7,22,26.2,2
iq,2003,49,0.4003429,0.3180571,0.3287714,0.3696429,72.23,298.3157143,299.7357143,296.1357143,309.4,293.5,77.83,89.20714286,72.23,17.74571429,9.7,28.76666667,10.16666667,35.1,22,138,3
iq,2003,50,0.3586286,0.24435,0.3519,0.3588,108.62,298.6857143,300.25,297.3385714,306.4,294.8,178.89,93.23142857,108.62,19.10714286,8.271428571,28.4,11.7,34.2,22.5,47.4,6
iq,2003,51,0.1926667,0.2244,0.1361143,0.1363143,64.95,298.1685714,299.5428571,296.8514286,308.5,294.1,65.04,93.91714286,64.95,18.53285714,8.342857143,28.3,10.45,34.8,22.1,66.8,5
iq,2003,52,0.2850778,0.2306556,0.2676444,0.2647778,49.42,296.2971429,297.05,295.6828571,302.6,294.3,82.68,96.93714286,49.42,17.17285714,4.185714286,27.3,9.6,33.1,22.3,185.7,1
iq,2004,1,0.2025714,0.1989667,0.2445571,0.1879571,,,,,,,,,,,,,,,,,4
iq,2004,2,0.24942,0.30885,0.2086286,0.2590143,78.53,297.4371429,298.7428571,296.6371429,304,294.9,55.3,95.79428571,78.53,18.25571429,6.2,27.43333333,8.666666667,34.2,22.4,137.2,5
iq,2004,3,0.32786,0.29844,0.30672,0.34024,63.47,297.7528571,298.9571429,297.02,306.2,294.5,62.5,96.12857143,63.47,18.71285714,6.828571429,28.7,9.9,34.1,23.1,68.1,8
iq,2004,4,0.3205857,0.3365286,0.2566,0.3441143,29.23,299.62,300.8285714,295.89,308.3,293.6,19.4,82.46714286,29.23,17.49142857,11.22857143,28.73333333,11.4,34.6,21.8,20.1,5
iq,2004,5,0.2330143,0.2351857,0.1964857,0.2055429,4.65,300.9,302.15,292.8328571,309.7,293.2,1.6,65.28428571,4.65,14.54857143,13.64285714,28.925,12.125,35.6,22.3,0,2
iq,2004,6,0.1235429,0.0993,0.1128571,0.1172,13.2,299.9028571,301.3714286,293.9885714,309.8,293.2,9,72.92714286,13.2,15.56714286,14.08571429,29.2,13.525,36.4,20.6,24.1,3
iq,2004,7,0.2787429,0.2987571,0.3127143,0.3048286,24.83,298.27,299.55,295.64,307.2,294.8,33.46,86.76571429,24.83,17.17428571,8.5,27.925,9.5,33.3,22.8,13.4,3
iq,2004,8,0.2366286,0.1670429,0.1970286,0.2225143,39.06,298.0814286,299.75,295.6428571,310.1,292.6,34.5,87.71857143,39.06,17.20857143,9.728571429,26.6,8.1,35.5,22,8.6,1
iq,2004,9,0.3190571,0.3352333,0.2176286,0.3000286,125.04,297.8828571,299.4357143,296.3485714,308,294.3,83.27,93.01285714,125.04,17.95,7.814285714,27.46666667,10.13333333,34.4,20.6,18.9,6
iq,2004,10,0.2094714,0.2086571,0.1715,0.1935714,52.08,297.9814286,299.4285714,296.4557143,308.1,293.2,49.36,92.56142857,52.08,18.09428571,9.085714286,28.4,11.3,34.5,22.3,79,4
iq,2004,11,0.3076833,0.2140167,0.33865,0.3110429,80.33,296.7771429,297.5214286,296.0685714,304.4,293.5,76.75,96.28857143,80.33,17.61,5.242857143,28,11,33.5,22.5,24.1,1
iq,2004,12,0.3859857,0.4247833,0.3514143,0.3465286,137.83,297.8871429,299.5357143,296.6214286,305.5,292.9,75.16,93.62857143,137.83,18.24857143,9.785714286,28.3,9.5,34.3,21.7,187.2,2
iq,2004,13,0.3062833,0.19872,0.02988,0.29015,120.1,297.3128571,298.2,296.6071429,303.5,294,76.2,96.23857143,120.1,18.23714286,5.714285714,28.65,9.3,34,23.6,142.6,3
iq,2004,14,0.136,0.138,0.1862333,0.1294333,101.22,297.2028571,298.2642857,296.8157143,303.9,293.8,88.9,97.94142857,101.22,18.47,5.214285714,28.06666667,9.1,33.9,22.7,2,1
iq,2004,15,0.3592143,0.3348429,0.2791571,0.3612714,47.26,297.8128571,298.9785714,297.1757143,305.6,294.2,135.4,96.49857143,47.26,18.82571429,6.271428571,27.65,9.5,33.1,22.3,4,8
iq,2004,16,0.2441857,0.1958286,0.1747,0.1882286,61.8,298.2171429,299.65,296.6371429,308.4,292.9,54.89,92.32,61.8,18.30857143,8.985714286,28.03333333,10.36666667,33.6,21.7,36.9,4
iq,2004,17,0.3742857,0.3308,0.2340333,0.2549429,113.62,297.78,298.5142857,296.7714286,304,293.9,90.3,94.78857143,113.62,18.40857143,6,28,10.65,34.5,22.5,39.6,6
iq,2004,18,0.27884,0.1637667,0.1911833,0.3266286,65.82,297.1271429,297.8285714,296.7085714,303.5,293.6,133.17,97.80857143,65.82,18.34,5.028571429,27.53333333,8.666666667,32.9,22.6,148.5,7
iq,2004,19,0.1575667,0.1215429,0.1904143,0.1225333,83.93,297.7985714,299.1285714,296.8357143,305.9,293.1,56.52,95.11571429,83.93,18.51142857,8.714285714,27.23333333,9.933333333,33.3,22,97,5
iq,2004,20,0.1716667,0.1522333,0.1598333,0.1769,34.81,296.4142857,297.2142857,295.27,303.4,292.6,45.5,93.89714286,34.81,16.77857143,5.771428571,27.3,8.4,33,19.5,91.8,8
iq,2004,21,0.2254667,0.18515,0.1942,0.2483167,173.45,297.6028571,299.1785714,295.82,308.2,292,83,91.62714286,173.45,17.40142857,9.1,26.65,7.4,34.2,22.5,296.9,6
iq,2004,22,0.1903143,0.07784286,0.1931714,0.1023286,35.43,297.3057143,298.3285714,295.9585714,306.4,291.7,42.6,93.57571429,35.43,17.5,9.628571429,,,33.3,20.5,28.2,5
iq,2004,23,0.1073,0.1170667,0.1967857,0.1106143,88.62,296.7671429,297.8214286,295.6971429,304.1,292.8,36.63,94.69285714,88.62,17.21285714,8.185714286,27.5,9.5,32.8,19.8,203,6
iq,2004,24,0.2378429,0.2350833,0.1669571,0.2119714,85.28,295.5742857,296.25,294.99,300,293,51.89,96.87571429,85.28,16.42,5.042857143,26.8,8.566666667,32,20.9,87.9,6
iq,2004,25,0.3329571,0.191,0.2340429,0.3255143,94.52,296.2042857,297.3214286,294.7057143,306,292.1,24.5,92.37142857,94.52,16.13857143,7.785714286,25.9,8.4,33.3,21.5,43.2,13
iq,2004,26,0.2392333,0.1535429,0.1328286,0.1970429,32.95,295.6342857,296.8142857,293.86,304.2,289.8,25.9,90.44714286,32.95,15.31285714,8.4,25.075,9.075,32.1,18.6,98.5,2
iq,2004,27,0.2572143,0.3249286,0.1978,0.1967571,46.39,296.1514286,297.5857143,295.0414286,304.4,291.8,50.7,94.66857143,46.39,16.51428571,8.457142857,25.9,8.15,30.9,21.1,170.1,10
iq,2004,28,0.3175571,0.3013857,0.2793714,0.3355429,83.94,296.6171429,298.0857143,294.8142857,305.1,291.8,18.67,90.90571429,83.94,16.25285714,9.485714286,26.55,8.85,32,21.8,43.2,3
iq,2004,29,0.2328286,0.2737667,0.2338,0.1532429,48.09,297.5014286,298.9357143,294.3585714,306.9,291.4,24.76,85.15857143,48.09,15.86,11.21428571,26.8,11.7,33.1,20.5,31,12
iq,2004,30,0.2679429,0.2995,0.2177,0.2849857,53.78,296.8128571,298.1142857,294.9971429,304.4,291.8,25.42,90.92857143,53.78,16.48,10.2,26.3,8.8,32.1,21.9,103.1,7
iq,2004,31,0.2089,0.1555,0.2203,0.2542571,85.96,296.0171429,297.2928571,294.4714286,306.1,291.7,27.62,92.52714286,85.96,15.97571429,8.842857143,,,32.9,19.4,6,6
iq,2004,32,0.2489,0.2659571,0.2185286,0.2375571,29.82,297.5171429,298.9642857,293.1442857,307.4,291,3.9,79.71857143,29.82,14.69428571,12.15714286,,,34,18.3,55.1,5
iq,2004,33,0.1910714,0.227,0.1685286,0.2957,18.44,296.53,297.6357143,292.2228571,307.2,288.1,4.1,79.23571429,18.44,13.82428571,12.18571429,,,31.3,20,0.5,6
iq,2004,34,0.3931286,0.3286429,0.2767714,0.3885143,23.78,297.82,299.9857143,293.4214286,308.3,290.2,7.9,78.48142857,23.78,14.96142857,14.28571429,,,,21.7,0.5,6
iq,2004,35,0.3113,0.2609286,0.2330143,0.2997857,42.86,298.1428571,299.8071429,294.5671429,310.1,291.1,23.2,83.17285714,42.86,16.07714286,12.52857143,,,32.8,20.4,0,6
iq,2004,36,0.3343571,0.3720286,0.3420143,0.2845857,147.32,297.7714286,299.3785714,294.9885714,307.8,291.7,41.89,86.54,147.32,16.48428571,11.12857143,27.1,9.8,32,20.9,195.1,8
iq,2004,37,0.1302667,0.15128,0.1108143,0.1174857,46.58,298.4571429,300.5142857,296.1157143,308.2,294.7,35.7,88.74285714,46.58,17.67,10.28571429,27.4,8.7,34.3,23,23.2,6
iq,2004,38,0.2680714,0.2102286,0.2273429,0.32515,36.64,297.7214286,299.0642857,295.88,308.9,293.3,59.5,91.2,36.64,17.44,8.928571429,27.16666667,9.5,33,20.4,87.3,9
iq,2004,39,0.3915333,0.3207286,0.1595857,0.3325286,48.68,298.6285714,299.9714286,294.3828571,309.8,292.4,6.9,79.55714286,48.68,15.90142857,13.2,28,13.5,34.7,18.8,20.1,12
iq,2004,40,0.2754571,0.2193,0.2612571,0.3283857,85.69,299.17,300.9142857,296.1157143,310.6,293.8,70.02,84.80714286,85.69,17.71142857,11.65714286,28.65,13.1,35.5,21.8,40.1,19
iq,2004,41,0.2614714,0.1862429,0.3057286,0.2577429,52.27,297.5685714,298.7428571,295.3142857,305.5,292.7,39.9,88.82571429,52.27,16.82428571,8.828571429,26.975,10.875,33,20.6,27.9,8
iq,2004,42,0.3523286,0.2841714,0.3764143,0.3553429,65.25,298.0571429,299.2642857,296.8671429,307.2,293.3,51.6,94.16,65.25,18.54714286,8.357142857,28.55,11.3,34.5,21.4,120.6,16
iq,2004,43,0.2538429,0.1996667,0.3036857,0.2235571,35.61,299.4285714,300.9214286,296.2957143,309.6,292.8,23.1,85.06571429,35.61,17.90142857,13.15714286,27.7,9.55,35.6,22.4,13,21
iq,2004,44,0.2953286,0.2312286,0.2604,0.3197714,74.01,298.4414286,299.9428571,295.9071429,312.3,292.2,48.5,87.87,74.01,17.53714286,12.31428571,27.4,10,35.8,21.3,89.9,6
iq,2004,45,0.4148857,0.3245571,0.2727429,0.3656714,91.63,299.5042857,300.7857143,296.1785714,309.2,294.3,67,84.82714286,91.63,17.80571429,10.65714286,28.35,12.35,34.9,21.8,101.4,22
iq,2004,46,0.3466857,0.3154143,0.2708571,0.3742,74.68,297.1685714,297.7071429,296.4842857,304.2,292.4,53.9,96.35428571,74.68,18.12142857,5.928571429,27.2,8.9,33.7,22.4,184.2,37
iq,2004,47,0.2278714,0.1945,0.1909143,0.2095571,74.08,299.4185714,301.2357143,296.0971429,309.3,293.6,26.8,84.61142857,74.08,17.73857143,11.64285714,28.25,11,35.8,22.5,107.4,33
iq,2004,48,0.2153167,0.1672857,0.2026286,0.2191286,71.98,297.9585714,299.2,297.02,306.1,293.6,56.8,95.25142857,71.98,18.71428571,7.914285714,28,10.36,35.3,22.6,77,18
iq,2004,49,0.2019429,0.1593667,0.1590429,0.2410857,53.01,299.1771429,300.3785714,296.44,309.5,293.3,36.83,87.13,53.01,18.11,10.95714286,27.9,11,34.1,22.4,64,83
iq,2004,50,0.3234286,0.3095143,0.2758286,0.3359,70.04,297.7871429,298.8357143,296.5742857,305.8,294.5,91,93.93857143,70.04,18.20714286,6.5,,,,,9.9,116
iq,2004,51,0.2611429,0.2033143,0.2437429,0.2363571,49.56,298.7014286,300.0357143,296.3857143,308.5,293.8,38,88.78,49.56,18.04,10.21428571,28.375,9.65,34,22.6,128.3,32
iq,2004,52,0.3648625,0.3266,0.4031125,0.3162,109.83,298.4042857,299.6571429,297.1228571,306.3,294.8,29.79,93.25285714,109.83,18.85571429,8.228571429,27.8,8.5,33.3,22.6,100.8,7
iq,2005,53,,,,,,,,,,,,,,,,,,,,,9
iq,2005,1,0.3148429,0.1866286,0.3033,0.2704,70.6,298.1628571,300.0071429,296.7128571,307.9,293.5,61.61,93.00571429,70.6,18.37,9.757142857,28.5,9.1,33.2,23,74.9,10
iq,2005,2,0.3044143,0.3612571,0.3126,0.3156286,93.73,297.6628571,298.8428571,296.7271429,307.6,291.6,96.21,95.53,93.73,18.40857143,7.228571429,28.4,10.4,34.2,22.5,232.1,5
iq,2005,3,0.3459333,0.3118,0.291,0.3379714,60.52,300.0685714,301.5642857,296.58,308.7,295,26.7,83.3,60.52,18.25857143,11.35714286,28.86666667,11.16666667,35.5,22.5,194,8
iq,2005,4,0.3643667,0.2779143,0.2925571,0.2806857,25.67,299.6485714,301.1071429,296.9314286,308.1,294.9,42.24,87.31285714,25.67,18.64571429,9.985714286,28.86666667,12.06666667,35.1,22.1,0,7
iq,2005,5,0.1582286,0.16725,0.1518143,0.1266,88.96,299.0614286,300.8285714,296.9071429,308.4,295.3,47.3,89.42714286,88.96,18.63571429,9.342857143,28.525,10.725,35.4,22.2,3.8,8
iq,2005,6,0.2151857,0.1728143,0.2623,0.2283571,52.61,296.7528571,297.6928571,295.9957143,304.4,294.2,56.8,95.97714286,52.61,17.57571429,5.185714286,27.46666667,8.733333333,32.8,21.4,70.4,11
iq,2005,7,0.1995,0.2024571,0.2189,0.1806857,125.35,298.0271429,299.1642857,297.2214286,304.6,294.5,189.06,95.74857143,125.35,18.94714286,6.985714286,27.5,9.5,32.3,22.3,350.9,6
iq,2005,8,0.2011,0.2081429,0.2812143,0.2109,46.98,298.2957143,299.2857143,296.5428571,306.5,294.4,39.6,91.57714286,46.98,18.20142857,7.857142857,28.65,10.9,35.2,22.4,84.1,7
iq,2005,9,0.2937167,0.2696167,0.2308,0.2771,54.22,298.1585714,299.3928571,297.0457143,305.9,294.4,44.51,94.40142857,54.22,18.73142857,8.014285714,28.26666667,9.2,33.8,23.3,19,7
iq,2005,10,0.1558429,0.1370833,0.2418714,0.1464286,155.54,297.9571429,298.6857143,297.5285714,304.9,295.6,201.4,97.68714286,155.54,19.27428571,4.828571429,26.8,6.7,34.8,23.4,8.6,14
iq,2005,11,0.2515167,0.1817667,0.1545286,0.2099571,162.51,297.3142857,298.6785714,295.85,304.5,291.9,21.7,92.26714286,162.51,17.39857143,7.814285714,28.7,9.85,33.8,22.5,146.1,7
iq,2005,12,0.2150714,0.2127,0.1209286,0.2354286,99.37,298.37,299.8285714,296.2514286,306.6,294.7,32.8,89.82,99.37,17.82,9.342857143,27.72,8.96,33.4,22.5,108.8,9
iq,2005,13,0.3816857,0.3683143,0.3837714,0.3666571,55.12,297.37,298.5857143,296.0885714,308.6,293,67.5,93.80142857,55.12,17.62428571,7.628571429,28.25,10.85,34.3,20.8,73.9,13
iq,2005,14,0.3091143,0.2173571,0.3001,0.2446571,87.41,297.7085714,299,296.2357143,306.5,292.4,68,92.41714286,87.41,17.89285714,8.457142857,28.1,10.85,33.8,21.6,71.1,16
iq,2005,15,0.1869333,0.1447571,0.1957429,0.1824286,40.03,297.7014286,298.4642857,297.2028571,304,295,90.2,97.32285714,40.03,18.88571429,6.414285714,27.65,9.35,32.9,22.5,3.6,7
iq,2005,16,0.2082833,0.1649167,0.2776667,0.1962667,37.6,297.4371429,298.1928571,296.9614286,306.4,294,178.2,97.38142857,37.6,18.59714286,5.357142857,28.85,10.05,34,22.7,105.6,9
iq,2005,17,0.2141,0.2315333,0.1616857,0.2017714,78.8,297.9271429,298.8642857,297.4028571,303.9,294.1,54.9,97.16285714,78.8,19.15285714,6.642857143,28.6,9.1,33.8,23.7,14.5,2
iq,2005,18,0.1465333,0.1345833,0.1343143,0.1880571,33.29,297.33,298.4357143,296.5757143,304.8,293.3,64.1,95.93714286,33.29,18.18142857,6.1,25.8,7.5,33.5,21,13,13
iq,2005,19,0.2484333,0.2341,0.2020667,0.1930667,49.07,298.6842857,299.7214286,296.3414286,306.7,293.6,54.89,88.29428571,49.07,17.94,9.271428571,27.9,11.6,34.6,21,28,8
iq,2005,20,0.2700857,0.1737571,0.2104571,0.2297429,56.22,297.5328571,298.3428571,296.3528571,304.9,293.6,49.1,93.91857143,56.22,17.95714286,7.542857143,,,33.2,23.6,95.9,3
iq,2005,21,0.3118143,0.3585429,0.2806571,0.2474571,43.14,299.0057143,300.6142857,295.8042857,308.1,294,21.1,84.65857143,43.14,17.40714286,10.94285714,27.4,8.7,33.6,22.4,37.9,5
iq,2005,22,0.3782857,0.3693714,0.3631857,0.3612429,61.75,298.4342857,299.4785714,295.6785714,307.3,292.7,34.92,86.70142857,61.75,17.2,10.01428571,,,33.9,20.9,78.9,4
iq,2005,23,0.1395143,0.1401,0.14235,0.1185429,40.44,297.3042857,298.4857143,296.2271429,303.9,293.7,51,94.59285714,40.44,17.78857143,7.171428571,27.1,9.166666667,32.4,22,19.5,8
iq,2005,24,0.2890857,0.2256429,0.2247143,0.2651286,104.83,297.3771429,298.6214286,295.32,304.8,293.4,29.01,89.19428571,104.83,16.82428571,8.528571429,27.66666667,9.833333333,33.3,22,73.7,2
iq,2005,25,0.2915571,0.2460714,0.3518571,0.2604571,50.88,297.8571429,299.0571429,294.6442857,307.7,291.9,11,84.46714286,50.88,16.16857143,10.48571429,27.35,9.55,32.8,22.4,89.2,3
iq,2005,26,0.2747143,0.1780143,0.2843143,0.2271714,23.6,296.82,298.4928571,294.4085714,307.4,292.4,26.6,88.38714286,23.6,15.87714286,10.72857143,26.83333333,8.766666667,33.7,20.8,92,5
iq,2005,27,0.2008,0.2010667,0.1622667,0.2214,43.24,297.8657143,299.4214286,294.5285714,308.3,290.4,23.91,84.69285714,43.24,16.03857143,11.1,27.8,10.7,34.5,21.6,40.9,7
iq,2005,28,0.3869286,0.3350571,0.3298429,0.4413429,109.71,296.9885714,297.5928571,292.23,308.2,288.3,8.7,77.37285714,109.71,13.92857143,11.81428571,27.8,11.13333333,34.2,17.6,167.1,3
iq,2005,29,0.1680286,0.1343286,0.1865571,0.1472571,27.33,297.7942857,298.9285714,292.4557143,307.7,287.5,8.9,75.69714286,27.33,14.19142857,13.51428571,26.55,12.7,33.8,18.2,0,5
iq,2005,30,0.3474857,0.2537,0.2769571,0.3653143,42.32,296.8985714,298.0142857,293.75,306.3,290.1,15.3,84.23857143,42.32,15.26,10.08571429,21.4,5.7,32.3,18.5,71.1,6
iq,2005,31,0.3286857,0.3132571,0.2262143,0.2740143,0,298.2214286,299.7285714,293.0357143,308.2,292.6,8.64,75.57142857,0,14.60857143,11.48571429,26.25,10.6,32.3,19.2,0,5
iq,2005,32,0.2826429,0.2270286,0.2825571,0.239,38.17,298.9257143,300.3357143,293.64,309.7,293.5,1.99,74.85571429,38.17,15.15,12.18571429,27.325,11.85,33.5,19.8,36.6,5
iq,2005,33,0.2669857,0.2939286,0.336,0.2924857,17.85,299.6057143,300.4285714,291.7785714,310.5,290.7,6,64.65857143,17.85,13.59,14.2,,,32.8,17.3,69.6,4
iq,2005,34,0.3288,0.2715571,0.2723,0.3005,69.62,298.4285714,299.6785714,294.9457143,309,292.9,15.82,83.85428571,69.62,16.44,10.81428571,27.75,13.1,35,20.3,127,0
iq,2005,35,0.4568333,0.3595833,0.35945,0.3801167,12.81,298.1842857,299.3714286,293.9185714,308.6,292.4,11,79.64714286,12.81,15.42857143,10.94285714,26.8,10.25,35.2,21.4,37,0
iq,2005,36,0.3354286,0.2007143,0.3228857,0.3091429,36.98,300.0585714,301.2142857,294.0057143,309.3,293.4,4.2,71.97142857,36.98,15.51857143,13.71428571,,,,21.8,44,0
iq,2005,37,0.2394286,0.2148714,0.2390429,0.2276,18.66,298.88,299.8071429,295.6585714,307.3,292.9,35.3,83.73,18.66,17.22285714,9.928571429,,,,,1.3,0
iq,2005,38,0.1845667,0.1952571,0.1543857,0.2124833,2.56,298.4985714,299.7642857,293.5557143,309.1,292.4,13.7,76.59571429,2.56,15.06,11.78571429,25.76666667,12.23333333,34.3,16.9,38.1,0
iq,2005,39,0.4054167,0.4287714,0.3706,0.4210857,29.8,301.1757143,302.9285714,293.7528571,314,294.8,4.2,67.21285714,29.8,15.33142857,14.82857143,28.65,13.5,37.1,20.7,,2
iq,2005,40,0.3321571,0.3463667,0.2586143,0.3210429,54.7,299.11,300.25,293.8971429,312.7,292.1,4.6,74.95285714,54.7,15.43571429,12.35714286,28.8,14.9,36.3,21,80.8,4
iq,2005,41,0.3734286,0.2774833,0.3742286,0.3522714,60,299.5157143,300.8571429,294.3857143,313.2,293.2,22.2,75.50857143,60,15.91571429,11.68571429,28.5,11.8,37,22.3,233.2,4
iq,2005,42,0.3072571,0.2782143,0.3548286,0.2869571,73.97,299.5785714,301.1928571,295.7685714,310.5,291.9,35.08,81.69142857,73.97,17.41714286,12.24285714,29.1,12.7,36.5,21.7,64,3
iq,2005,43,0.3635571,0.3000429,0.2898286,0.3261429,100.06,298.0657143,299.1642857,295.8028571,307.4,294,59.7,89.14285714,100.06,17.36428571,8.642857143,28.3,10.95,34.3,21.3,235.2,3
iq,2005,44,0.1875714,0.2133714,0.1718571,0.1789571,59.15,299.4585714,301.4785714,296.8057143,308.6,294.9,49.85,87.23142857,59.15,18.55,10.78571429,28.23333333,10.3,34.3,21.8,102.1,5
iq,2005,45,0.3938,0.2986286,0.4019857,0.4103714,75.36,298.6,300.0785714,296.36,309.4,292.9,143.8,89.31,75.36,17.97428571,9.7,,,34.6,22.3,8.9,6
iq,2005,46,0.4424286,0.3481714,0.3430714,0.4731429,49.87,298.31,300.0928571,296.8957143,307.2,295,45,93.17714286,49.87,18.58285714,8.557142857,27.6,10.15,34.5,21.5,139.5,14
iq,2005,47,0.2825714,0.2206,0.2882143,0.2400857,72.34,299.4128571,300.6285714,297.3942857,309.1,295.2,63.53,90.34857143,72.34,19.19428571,8.914285714,28.5,11,35,21.8,5.1,3
iq,2005,48,0.3178143,0.3027,0.3369429,0.4171286,78.52,299.42,300.45,296.6128571,307.6,294.1,34.95,86.40857143,78.52,18.30428571,9.728571429,28.26666667,11.4,34.3,21.7,77.9,7
iq,2005,49,0.3585857,0.2194857,0.2579143,0.2992714,60.5,299.2171429,300.7071429,296.6571429,308.4,295.4,71.8,87.72142857,60.5,18.36428571,9.1,28.1,12.5,34.8,21.5,54.1,11
iq,2005,50,0.1984429,0.1941,0.1930143,0.247,46.91,298.5742857,300.2571429,297.1871429,307,295.4,46.9,92.95714286,46.91,18.94571429,8.2,28.1,11.55,34,22.3,6,2
iq,2005,51,0.180575,0.1413333,0.2552833,0.1383714,151,298.0214286,299.3714286,297.1914286,304.4,295.5,113.36,95.67428571,151,18.91571429,6.485714286,28.3,9.9,33.6,22.9,81.1,6
iq,2006,52,0.3546,0.21995,0.3225167,0.2563333,114.58,298.1814286,299.5785714,296.9357143,306.5,294.9,210.5,93.82142857,114.58,18.58428571,7.385714286,27.45,9.7,32.7,22.4,273.5,8
iq,2006,1,0.1995143,0.2393429,0.2276571,0.2155,38.78,298.8328571,299.6428571,292.8785714,307.8,292.4,15.2,73.16142857,38.78,14.52428571,12.31428571,,,34.5,19.7,70.1,25
iq,2006,2,0.2284,0.2020714,0.19475,0.23035,138.46,298.7285714,300.3,296.3714286,307.7,293.5,47.6,88.33571429,138.46,18.16571429,9.885714286,27.78,11,34.5,21.4,60.1,21
iq,2006,3,0.1743,0.1336429,0.1117571,0.1944286,88.85,298.46,300.1142857,296.3214286,307.3,295,52.2,89.95571429,88.85,17.94142857,9.142857143,,,33.8,21.5,54.8,10
iq,2006,4,0.1517667,0.1377,0.1478,0.1607833,49.32,297.1885714,298.2928571,295.7771429,304.8,294.4,52.2,93.11428571,49.32,17.36428571,6.214285714,27.3,8.95,33.5,22.3,250.9,28
iq,2006,5,0.3791143,0.3053286,0.3459714,0.3715714,34.17,297.1657143,298.2214286,296.6471429,302.7,294.3,63.98,97.32,34.17,18.26428571,5.528571429,,,33.7,21.5,118.9,39
iq,2006,6,0.2568143,0.13605,0.1978286,0.2583143,71.87,297.64,298.3785714,296.8085714,304.2,294,67,95.82714286,71.87,18.44285714,5.785714286,28,8.8,32.6,23.6,101.1,20
iq,2006,7,0.3827,0.2506,0.2436571,0.2856,44.35,297.0642857,298.1428571,295.3642857,305.2,292.8,33,91.09857143,44.35,16.92714286,7.285714286,28.6,8.9,33.8,24.2,0,24
iq,2006,8,0.2621143,0.1248,0.2153571,0.1447857,23.44,298.9385714,300.7785714,295.9614286,308.3,292.9,72.2,86.03142857,23.44,17.60571429,10.78571429,28.24,10.64,34.3,21.3,0.3,28
iq,2006,9,0.1786667,0.1959333,0.1412667,0.1282833,79.13,298.2528571,299.8714286,296.7642857,306.9,295.1,50.38,92.60571429,79.13,18.40142857,8.028571429,27.43333333,9.566666667,32.9,21.9,26.9,26
iq,2006,10,0.4246286,0.4113,0.3731857,0.3158571,94.99,297.9257143,299.1071429,297.2071429,304,294.7,130.6,96.36,94.99,18.90285714,6.414285714,28,9.55,33.3,21.9,93,8
iq,2006,11,0.1924286,0.1158857,0.1940571,0.1712714,121.69,297.9314286,299.0071429,296.5814286,305.3,294.5,58.83,93.34714286,121.69,18.2,7.014285714,27.975,9.2,33.7,22.4,16,9
iq,2006,12,0.2885667,0.17954,0.2972714,0.2236429,120.62,297.4942857,298.7857143,296.2957143,305.3,292.5,70,93.78714286,120.62,17.91142857,7.342857143,27.4,8.7,32.3,23,97,12
iq,2006,13,0.24505,0.18885,0.2235333,0.1816667,121.46,298.04,299.2357143,297.0671429,304.9,294.8,88.81,95.02428571,121.46,18.73428571,6.957142857,28.3,10,33.7,22,53.9,18
iq,2006,14,0.2416714,0.2054,0.1560143,0.2833143,41.68,297.7742857,299.4428571,296.0471429,308.3,293.8,87.9,91.81142857,41.68,17.61,9.571428571,27.93333333,10.26666667,33.7,22.6,178.1,9
iq,2006,15,0.3011286,0.2650571,0.2553143,0.2626857,75.33,297.8257143,298.8142857,296.9657143,305.5,292.9,66.46,95.51,75.33,18.71428571,7.428571429,28.3,10.3,33.9,21.4,49,9
iq,2006,16,0.3309,0.2654714,0.3195571,0.2849429,69.6,298.0614286,299.1785714,296.4571429,306.4,293.9,54.86,92.11142857,69.6,18.08285714,7.442857143,27.4,8.35,32.8,22.5,11.9,6
iq,2006,17,0.2055714,0.23605,0.1919143,0.1393714,74.93,296.85,297.7071429,295.0514286,305.3,291.7,39.6,90.86428571,74.93,16.55857143,7.757142857,27,8.466666667,33.5,19.5,34,6
iq,2006,18,0.1516,0.0846,0.1763143,0.1137286,65.07,297.63,299.0214286,296.3842857,306.3,293.6,38.84,93.63571429,65.07,17.96285714,8.414285714,27.85,9.1,33.3,22.5,115,8
iq,2006,19,0.2866571,0.1871571,0.2665143,0.2874571,127.24,296.1842857,297.5571429,295.4528571,304.3,291.8,70,96.09857143,127.24,16.97714286,6.628571429,24.3,5.2,32.3,21.7,270.9,5
iq,2006,20,0.3392857,0.3482857,0.3158286,0.3745714,1.52,296.0542857,296.9142857,290.0885714,305.6,287.2,0.1,72.03428571,1.52,12.11142857,12.37142857,25.2,11.7,31.7,19.4,2,7
iq,2006,21,0.2065143,0.1171429,0.1692714,0.1700714,91.4,297.9928571,299.1142857,293.7771429,307.7,288.8,12.47,80.38571429,91.4,15.46,10.88571429,27.46666667,10.43333333,34,21.7,83,6
iq,2006,22,0.09837143,0.1010667,0.1863143,0.09775,79.48,295.9871429,297.1714286,294.5571429,304.1,291.3,44.65,92.50571429,79.48,16.02571429,6.885714286,25.6,8.933333333,31.9,19.3,150.2,5
iq,2006,23,0.3404429,0.1908571,0.3513429,0.2586143,130.66,297.0442857,298.5642857,295.6957143,307.2,292.3,37.6,93.47571429,130.66,17.19571429,8.9,26.2,8.6,33,21.5,105.2,3
iq,2006,24,0.1732714,0.185,0.1369286,0.1680429,84.99,297.4271429,298.1357143,294.75,307.2,290.3,21.5,87.21428571,84.99,16.25857143,10.07142857,28.1,12.7,34.4,21.4,79.5,1
iq,2006,25,0.22138,0.22336,0.3714167,0.22146,71.69,296.7242857,297.9785714,294.2757143,306.3,289.5,27.29,88.47142857,71.69,15.80142857,10.78571429,26.6,10.35,32.5,20.4,74.9,0
iq,2006,26,0.3118571,0.2039333,0.3360286,0.3046286,17.21,296.8514286,297.6142857,293.5171429,307.2,289.2,9.16,83.46714286,17.21,15.02,10.74285714,27.2,10.3,33.4,19.8,21.9,1
iq,2006,27,0.3201714,0.2081,0.2921143,0.2326857,20.72,296.4485714,297.9142857,294.5928571,304.8,292.6,13.62,90.43285714,20.72,16.00571429,7.971428571,26.7,9.4,33,21.7,110.6,2
iq,2006,28,0.3499857,0.2920429,0.2884571,0.2949167,1.17,297.6214286,298.8571429,292.8328571,306.7,292.1,1.8,77.27142857,1.17,14.41714286,11.42857143,26.25,10.4,33.1,20.6,0.5,3
iq,2006,29,0.3602857,0.341,0.3629571,0.3211286,54.72,297.3971429,299.0857143,294.2585714,307.3,291.8,40,85.14,54.72,15.78857143,11,27.4,12.125,34.1,19.9,47,2
iq,2006,30,0.3186857,0.3523429,0.3766429,0.2859,28.66,297.5042857,298.7428571,293.26,307.7,289.7,15.4,79.74285714,28.66,14.88,11.71428571,26.6,11.04,32.6,18.5,11.4,2
iq,2006,31,0.2016857,0.1625571,0.2003286,0.2015571,44.96,297.51,299.3428571,295.2,308.4,292.7,38.07,88.70714286,44.96,16.70714286,11.22857143,27.225,11.625,34.2,19.7,4,2
iq,2006,32,0.4397857,0.3675857,0.3333143,0.3809857,11.79,297.5,299.5142857,293.08,308.9,291,12.39,79.24285714,11.79,14.63142857,12.22857143,27.6,12.2,33.9,19.4,26.6,2
iq,2006,33,0.2908,0.238675,0.2856571,0.3337,47.74,298.6485714,300.6357143,295.5457143,307.9,294.6,22.19,84.62,47.74,17.06571429,10.27142857,27.66666667,10.43333333,33.3,20.9,75.5,2
iq,2006,34,0.2736429,0.2089429,0.2408857,0.2427571,68.6,298.7357143,299.7357143,295.1442857,308.7,292.5,23.6,83.04714286,68.6,16.69142857,11.27142857,27.3,10.3,34.9,20.9,71.1,4
iq,2006,35,0.3097833,0.3501286,0.2846833,0.3948167,68,298.28,299.9,295.2728571,310,293.1,22.24,85.37285714,68,16.77714286,11.17142857,26.5,10.03333333,33.2,20.3,176,0
iq,2006,36,0.2277857,0.2833143,0.2443714,0.2834143,90.33,299.2657143,300.35,293.9028571,310.3,290.2,9.4,75.53,90.33,15.45714286,13.72857143,27.42,12,34.1,20.6,15.3,6
iq,2006,37,0.28004,0.2367167,0.2361833,0.25855,111.87,297.8028571,299.1642857,293.0371429,308.7,291.9,16.4,77.25428571,111.87,14.64285714,11.32857143,28.35,11.85,35,17.8,0.5,3
iq,2006,38,0.3807286,0.3783667,0.3023,0.3075714,82.2,299.34,300.8571429,294.35,311.2,291.5,35.7,77.51428571,82.2,15.91,13.74285714,27.93333333,10.93333333,34.8,21.4,93.9,2
iq,2006,39,0.4655,0.2415429,0.4734,0.4934429,134.64,299.3814286,300.6857143,295.7385714,308.6,294.3,44.62,82.84571429,134.64,17.25428571,11.28571429,28.56666667,12.4,35.2,22,63,6
iq,2006,40,0.35495,0.2479333,0.3508143,0.3139167,60.48,299.4657143,300.4357143,295.16,310.3,292,24.8,80.49,60.48,16.73857143,12.78571429,28.7,14.5,35.9,21.1,68.9,2
iq,2006,41,0.1556167,0.19152,0.2151857,0.1546143,41.69,299.3457143,301.0285714,296.7514286,309.5,293.8,29.5,86.85285714,41.69,18.44714286,12.05714286,28.06,10.1,33.7,22.1,162.6,7
iq,2006,42,0.3215,0.2769,0.2100857,0.3337571,103.77,299.6485714,301.0142857,297.7642857,308.1,295.7,55.5,90.37857143,103.77,19.59571429,8.571428571,28.6,10.1,35.4,22.8,8.1,4
iq,2006,43,0.4882286,0.3681429,0.4377429,0.3788286,55.94,298.7942857,300.4142857,296.6614286,308.3,294,54.8,89.7,55.94,18.31142857,9.342857143,27.56,10.42,33.8,19.8,143.3,6
iq,2006,44,0.3603286,0.2740143,0.3477143,0.3247857,67.5,300.4671429,301.8785714,296.8828571,309.8,295.1,42.73,82.93428571,67.5,18.63,11.61428571,28.83333333,11.26666667,35.7,22,14,6
iq,2006,45,0.2951286,0.2463857,0.3020714,0.277,80.25,299.4328571,300.9142857,297.8528571,307.8,295.3,68,92.08857143,80.25,19.73142857,8.2,28.25,9.55,33.9,22.4,108.7,2
iq,2006,46,0.3191429,0.1862857,0.2737,0.2470286,86.65,297.2957143,298.4357143,296.2014286,304.5,293.5,87.2,94.44,86.65,17.79142857,7.357142857,27.6,10.16666667,33.2,21.8,85.6,13
iq,2006,47,0.3405571,0.2662571,0.3427286,0.3283857,43.59,298.0985714,299.5571429,296.9614286,307.3,294.7,61.43,94.30285714,43.59,18.63857143,7.371428571,27,9,32.3,22.5,205.3,10
iq,2006,48,0.1504714,0.1515714,0.1926,0.1557286,75.33,299.1971429,300.9357143,296.9885714,309.1,294,61.28,89.55,75.33,18.74428571,10.75714286,27.9,9.033333333,34.9,22.9,115.1,5
iq,2006,49,0.4470833,0.3015143,0.3405714,0.4276,99.89,298.2028571,299.2,297.6085714,304.6,294.6,95.02,96.79571429,99.89,19.42571429,6.914285714,28.4,8.8,33.7,23.2,10.9,2
iq,2006,50,0.3785,0.3020333,0.3492286,0.4147857,157.75,298.1585714,299.0714286,297.3514286,304.4,294.2,63,95.87571429,157.75,19.11142857,6.4,,,33.8,,,0
iq,2006,51,0.32782,0.26192,0.3814667,0.35295,111.48,297.68,298.9857143,296.7257143,306.7,294.3,80.2,95.07857143,111.48,18.35857143,6.542857143,,,32.9,23.5,,1
iq,2007,1,0.2201167,0.1589571,0.1905714,0.1324,79.94,297.2885714,298.2071429,296.5171429,306.3,293.2,88.9,95.92714286,79.94,18.14428571,7.414285714,26.6,7.95,31.9,21.5,133.4,0
iq,2007,2,0.1732857,0.2069333,0.1343,0.2379571,37.06,297.1042857,298.5785714,296.3885714,304.6,294.6,144.59,96.23857143,37.06,17.96285714,6.728571429,26.825,7.725,31.7,22.9,61.5,14
iq,2007,3,0.2719,0.2938,0.2094143,0.2523,126.89,297.3871429,298.4357143,296.3885714,305.5,293.3,52.2,94.64714286,126.89,17.97571429,7.042857143,27.775,9.55,33.4,22.2,178,6
iq,2007,4,0.1936714,0.1394714,0.2619,0.3068571,95.47,297.6142857,298.45,297.0257143,303.7,294.9,180.99,96.99714286,95.47,18.68857143,5.528571429,27.7,9.12,33.6,22,149.9,10
iq,2007,5,0.1744143,0.1805,0.1590714,0.2003143,83.7,298.1442857,299.6142857,296.7742857,307.8,294.3,65.1,93.13571429,83.7,18.41428571,9,27.725,10.3,35,22.3,60.3,5
iq,2007,6,0.3175,0.4014857,0.3285429,0.4429286,61.8,298.33,299.6857143,295.77,309.7,293.4,11.7,87.53,61.8,17.32285714,10.71428571,28.6,10.9,35.4,22.4,9.9,12
iq,2007,7,0.2858,0.2957,0.2570286,0.3195714,14.19,299.1714286,300.2857143,294.15,308.7,291.4,2.1,75.80428571,14.19,15.68571429,11.22857143,28.85,13.03333333,36.7,21.4,61.3,9
iq,2007,8,0.2570143,0.1182333,0.1790857,0.2372286,25.7,300.5657143,302.1785714,294.1657143,310.2,294.4,11.55,72.44571429,25.7,15.91857143,13.18571429,28.74,13.36,36.2,21.2,0,5
iq,2007,9,0.1735,0.1996333,0.1745,0.1659167,55.56,299.0585714,300.6357143,294.29,309.2,291.5,35.33,78.58571429,55.56,16.02,11.55714286,28.56,13.34,35.8,20.4,28,11
iq,2007,10,0.216,0.2136,0.1889143,0.2275286,117.07,297.45,298.7142857,296.3171429,305.8,293.4,227.25,94.34857143,117.07,17.91142857,7.371428571,27.3,9.9,33,21.9,205.3,2
iq,2007,11,0.3033167,0.2850333,0.2571429,0.2926143,55.47,296.9514286,298.1,296.3014286,303.8,293.8,51.3,96.52285714,55.47,17.88142857,6.114285714,28,10.1,33.1,21.7,138,6
iq,2007,12,0.21324,0.2231286,0.2643714,0.2218286,150.33,297.6842857,298.7285714,295.89,305.4,292.6,59.2,90.85857143,150.33,17.47,8.171428571,27,10.65,33.9,21.7,252.7,7
iq,2007,13,0.2386714,0.2447429,0.2162286,0.2591857,93.14,297.8357143,299.15,296.56,307.2,292.8,58.4,93.58571429,93.14,18.21428571,8.242857143,28.25,9.6,34.6,21.5,66.1,6
iq,2007,14,0.2381,0.1912,0.2749571,0.2738,97.04,297.7171429,298.8071429,296.9214286,305.5,294.3,238.2,95.82,97.04,18.59428571,6.614285714,27.26666667,8.833333333,34,22.6,94.3,5
iq,2007,15,0.1525167,0.1494857,0.2294143,0.1575571,98.94,297.5557143,298.5928571,296.6885714,304.1,292.4,147.57,95.52714286,98.94,18.32857143,6.728571429,27.85,8.85,34.4,21.3,60.4,9
iq,2007,16,0.1430857,0.2071571,0.1684571,0.2743143,93.62,297.0314286,298.0928571,296.0142857,304.8,292,46.45,94.72142857,93.62,17.55142857,7.528571429,27.4,9.5,33.5,22.1,97.1,5
iq,2007,17,0.2713714,0.1836571,0.203,0.3006,157.86,297.3428571,298.2785714,296.5028571,304.9,292.9,62.3,95.52571429,157.86,18.10428571,7.3,27.03333333,7.766666667,34.1,22,261.7,8
iq,2007,18,0.1947143,0.1541,0.2957143,0.1730857,103.39,297.2257143,298.0714286,295.9428571,304.7,293.6,47.24,93.47,103.39,17.51714286,7.371428571,27.85,9.75,33,21,118.2,3
iq,2007,19,0.1582571,0.1622857,0.1830714,0.2322714,89.15,296.9057143,298.2214286,295.9942857,306.6,291.7,56.1,95.03714286,89.15,17.61142857,9.357142857,28.1,9.2,33.5,21.5,38.1,4
iq,2007,20,0.1701857,0.1714,0.162,0.2290714,45.23,295.5957143,296.5,294.0128571,304.4,290.7,86.9,91.83285714,45.23,15.64857143,8.314285714,28.1,8.7,32.5,19,191.4,11
iq,2007,21,0.3646143,0.2568286,0.3299,0.3496857,64.11,297.2328571,298.7071429,296.1685714,307.3,292.5,65.6,94.85285714,64.11,17.71857143,8.957142857,28.25,10.55,33.8,21.7,86.6,5
iq,2007,22,0.09005714,0.08222857,0.1110571,0.06474286,76.68,296.1785714,297.1857143,294.0385714,306.8,286.9,29.1,89.28,76.68,15.74,10.2,24.7,10.63333333,32.8,17.5,61.8,8
iq,2007,23,0.2085,0.25695,0.2148833,0.2338571,39.11,296.8614286,298.2428571,295.23,305.2,292.1,33.48,91.72,39.11,16.72714286,9,26.5,9.7,31.3,20.4,0.5,4
iq,2007,24,0.3420714,0.2853,0.3405571,0.3012286,54.78,296.65,298.1714286,294.9285714,304.8,290.3,30.9,91.45857143,54.78,16.38857143,9.914285714,26.6,9.65,32.6,20.7,12.9,3
iq,2007,25,0.1667,0.1207857,0.1729714,0.1659,78.83,296.1185714,297.3857143,294.9714286,304.4,292.8,70.3,94.06571429,78.83,16.42285714,6.885714286,25.96666667,7.6,32,21.2,126,1
iq,2007,26,0.1534571,0.1744571,0.2022143,0.1292571,11.41,296.5714286,298.0142857,295.1785714,305,292.7,22.8,92.67142857,11.41,16.63142857,8.771428571,26.56666667,8.633333333,31.7,20.7,10.2,2
iq,2007,27,0.1814429,0.2692286,0.1934571,0.2099429,1.59,296.8285714,298.1142857,292.1771429,305.8,290.2,1.4,78.07428571,1.59,13.80428571,12.22857143,25.9,10.56666667,32,19.6,,3
iq,2007,28,0.3217667,0.2734,0.2545,0.3513,18.78,297.3857143,299.0071429,293.9314286,306.9,290.7,13.04,83.38714286,18.78,15.41571429,10.87142857,26.75,10.375,32.7,19.9,54.1,4
iq,2007,29,0.3075571,0.3397,0.3642429,0.3648429,26.29,296.0585714,296.75,294.9414286,303.6,291.1,39.52,94.24714286,26.29,16.39142857,7.728571429,26.53333333,7.833333333,31.3,20.9,22.9,1
iq,2007,30,0.3589714,0.4017571,0.2960857,0.4225,27.91,297.64,299.0785714,294.3457143,308.2,290.1,11.64,84.15571429,27.91,15.84571429,12.35714286,27.35,10.1,33.2,20.7,11.9,8
iq,2007,31,0.4172286,0.3699286,0.3669714,0.4898714,70.88,296.7242857,297.9357143,293,305.6,290,25.5,82.57142857,70.88,14.71857143,11.5,24.25,9.75,34,16.4,55.9,5
iq,2007,32,0.2782429,0.2361286,0.2923,0.2669571,35.77,297.82,299.3428571,292.7085714,308.2,289.7,6.08,76.61857143,35.77,14.33714286,12.77142857,26.475,12,32.7,17.2,30.3,3
iq,2007,33,0.2666667,0.2719333,0.2438857,0.1964571,36.78,298.0914286,298.9428571,294.0728571,308,291.8,9.21,80.93571429,36.78,15.56571429,9.714285714,26.9,11,33.1,21.3,76.5,2
iq,2007,34,0.3393714,0.3569714,0.3291286,0.3687143,9.06,298.7857143,300.6714286,294.1957143,308.1,294.3,12.4,79.33428571,9.06,15.75714286,11.57142857,27.125,10.825,33.3,19.9,22.1,7
iq,2007,35,0.2787857,0.2463571,0.2349857,0.3737429,30.26,300.6671429,301.5928571,293.1242857,312.4,293.4,12.8,67.75714286,30.26,14.79428571,13.38571429,27.05,12.175,34.7,19.9,0,1
iq,2007,36,0.27955,0.2826857,0.3277143,0.3280571,76.28,297.0985714,298.3571429,295.6828571,304.4,293.5,56.85,92.65714286,76.28,17.18285714,7.885714286,26.3,7.9,34,20.9,37.1,6
iq,2007,37,0.2888167,0.2889571,0.2660714,0.3393,49.85,298.56,300.1214286,295.1628571,308.6,293,26.2,84.41285714,49.85,16.65,12.15714286,26.9,10.625,32.9,21.4,150.9,7
iq,2007,38,0.3156571,0.3545,0.3326429,0.4172,58.22,298.5085714,300.7142857,295.8342857,309.2,293.3,34.27,86.70714286,58.22,17.36714286,12.4,27.2,10.83333333,33,21.6,16.3,5
iq,2007,39,0.2309,0.2363429,0.2308857,0.3128,59.79,299.6985714,301.4285714,295.3,310.6,292.7,10.3,78.56428571,59.79,16.80428571,13.8,27.83333333,11.7,34.1,21.1,34,2
iq,2007,40,0.3199714,0.2544167,0.3151,0.2934714,37.28,298.2814286,299.8214286,296.2871429,310.8,294.7,73.33,89.84428571,37.28,17.84,9.1,28.4,12.65,35.5,21.6,107.9,6
iq,2007,41,0.3851857,0.4050714,0.3106286,0.4381286,39.09,299.5757143,301.3857143,295.4471429,309.6,294.8,38.28,80.45,39.09,17.01,11.6,28.4,10.6,34.2,21.8,145.1,11
iq,2007,42,0.2251286,0.1505143,0.1959857,0.2383857,74.52,299.4442857,300.8285714,296.5871429,310.2,295,86.4,86.70571429,74.52,18.26571429,9.828571429,29,12.3,35.2,21.9,4.1,6
iq,2007,43,0.4034714,0.3202286,0.4087,0.4229,106.73,296.9714286,298.1928571,295.96,305.1,291.9,67.93,94.78142857,106.73,17.54285714,7.757142857,26.9,9.366666667,32.1,20.9,79.3,3
iq,2007,44,0.2657429,0.2856,0.2923143,0.2469143,51.28,297.83,299.6642857,296.9785714,306.3,293.7,67.47,95.59285714,51.28,18.67285714,9.357142857,27,9.366666667,34,21.6,0,11
iq,2007,45,0.3334571,0.3242571,0.2469,0.3311286,69.88,299.4785714,300.5571429,296.2485714,308.5,294.3,50.6,84.85,69.88,17.97857143,9.485714286,28.7,11.43333333,34.8,22.5,22.1,11
iq,2007,46,0.1784286,0.12875,0.2167714,0.1853,109.5,298.1342857,299.7428571,296.83,308.6,294.6,103.3,93.55428571,109.5,18.54857143,8.685714286,27.675,10.85,33.5,21.6,111.3,5
iq,2007,47,0.2284714,0.1886571,0.2345571,0.1996714,52.27,297.6814286,298.3714286,296.9385714,305.7,294.3,124.2,96.21428571,52.27,18.61285714,5.742857143,26.62,7.86,33.3,21.8,80,4
iq,2007,48,0.16564,0.1793,0.1276,0.1819143,129.33,297.88,299.3285714,297.2171429,305.2,294.4,65.57,96.52285714,129.33,18.92428571,6.942857143,27.125,8.35,32.3,22.4,293.1,9
iq,2007,49,0.2993714,0.3367143,0.2615857,0.3498429,73.16,298.52,299.6071429,296.9042857,305.5,294.3,57.8,91.65428571,73.16,18.60714286,8.3,27.9,10,33,22.8,142,23
iq,2007,50,0.3138333,0.2335143,0.2426,0.2937429,83.39,299.0485714,300.2714286,296.2614286,307.8,294.3,42.68,86.75571429,83.39,17.91,9.914285714,28.85,10.25,34.2,22.6,23.1,28
iq,2007,51,0.2698,0.2756857,0.2755143,0.2367143,146.13,297.1414286,298.2428571,296.3971429,306.6,293.3,89.72,96.07428571,146.13,18.03428571,5.685714286,27.625,9,32.9,22.4,261.3,26
iq,2007,52,0.1992,0.1947667,0.1711111,0.2308222,53.57,297.64,298.7285714,296.3685714,304.9,294.3,62.14,93.46857143,53.57,17.98285714,7.428571429,27.7,8.75,32.1,21.7,28.1,7
iq,2008,1,0.1914714,0.1554143,0.1760143,0.1872429,19.95,299.2771429,300.5357143,294.6685714,308.2,294.1,21.4,78.67,19.95,16.26,10.72857143,28.275,11.575,36,21.5,,29
iq,2008,2,0.4449333,0.27585,0.3569,0.4697286,71.84,296.0957143,296.5357143,295.2,302.1,293.3,62.61,95.28,71.84,16.68142857,5.1,25.8,6.3,31.4,22.6,104.4,58
iq,2008,3,0.1882286,0.2208286,0.2332429,0.1699714,95.97,298.0342857,299.4785714,297.09,305.5,292.4,63.92,94.96857143,95.97,18.86571429,8.585714286,27.43333333,9.466666667,33.8,21.8,125.3,26
iq,2008,4,0.2779714,0.3249286,0.2219143,0.2956714,102.59,297.2071429,298.3428571,296.25,304.8,294.8,93.43,95.12571429,102.59,17.84,5.971428571,,,31.3,21.9,46.3,38
iq,2008,5,0.35195,0.3705714,0.3138,0.4029714,110,298.3985714,299.9714286,297.0114286,307.6,294.2,66,93,110,18.68571429,9.085714286,27.56666667,8.9,32.2,22.8,121.2,35
iq,2008,6,0.2256429,0.17075,0.1981,0.1860714,38.72,299.49,300.7642857,294.6285714,308.4,293.5,28,78.13142857,38.72,16.28428571,11.55714286,27.86666667,11.1,34.5,20.5,5.1,37
iq,2008,7,0.1739429,0.1989167,0.1684286,0.1734286,47.23,297.77,299.1714286,296.9228571,306,294.8,103.22,95.70714286,47.23,18.55714286,6.714285714,26.6,8.033333333,31.7,22.1,9.2,20
iq,2008,8,0.24095,0.2236,0.1620429,0.1874429,122.64,297.0957143,298.3214286,295.6085714,304.1,292.9,33.9,92.37,122.64,17.13,7.614285714,28,10.8,33.4,22,115.3,29
iq,2008,9,0.3493143,0.2227286,0.2677286,0.3878714,101.33,296.9642857,297.7214286,296.3814286,302.3,294.1,70.83,96.92714286,101.33,17.94714286,5.414285714,26.85,8.35,32.5,22.5,127.6,25
iq,2008,10,0.1697429,0.1386667,0.1700571,0.2008429,210.83,297.7542857,299.3357143,295.52,307.9,293.3,39.1,88.97285714,210.83,17.06428571,8.957142857,27.18,8.88,33.3,21.9,119.6,23
iq,2008,11,0.1292429,0.1729571,0.1260286,0.1506571,96.05,298.0171429,299.5928571,295.9,305.5,293,32.17,89.26857143,96.05,17.50571429,9.014285714,26.25,7.8,33.2,22.2,64.4,9
iq,2008,12,0.2383333,0.2327286,0.1239429,0.2000714,91.87,296.7557143,297.9928571,295.4757143,305,293.3,90.5,93.45142857,91.87,16.99714286,7.214285714,,,31.7,22,100.9,3
iq,2008,13,0.3366,0.3042143,0.3229,0.3773143,62.13,297.0942857,297.9928571,295.9485714,303.7,293.1,53.36,94.07428571,62.13,17.50714286,6.557142857,26.9,8.266666667,31.7,22.6,282.7,6
iq,2008,14,0.2700833,0.1902714,0.1906571,0.2151571,107,297.6942857,298.8428571,295.8542857,305.4,293.7,24.9,90.95714286,107,17.42142857,8.6,27.86666667,9,33.4,22.5,21.1,6
iq,2008,15,0.2843571,0.3536714,0.3217857,0.3028286,71.45,297.5371429,298.9,296.6328571,306.1,292.8,99.96,95.15714286,71.45,18.31571429,7.4,28.3,9,32.8,21,53.1,3
iq,2008,16,0.3026143,0.2446714,0.2963143,0.3287571,79.74,297.4471429,298.6642857,295.9357143,305.5,293.8,45.96,92.12428571,79.74,17.50428571,7.785714286,26.8,8.1,33.6,21.7,61,1
iq,2008,17,0.2706,0.3713143,0.3442286,0.2830714,42.05,296.76,297.4142857,296.3828571,301.9,293.7,62.52,97.97142857,42.05,17.96428571,4.885714286,26.65,7.7,33,21.6,85.9,3
iq,2008,18,0.06172857,0.1339,0.09471429,0.1178429,42.12,298.0728571,299.4142857,296.7414286,306.3,293.1,115.99,93.66285714,42.12,18.39857143,8.685714286,27.86666667,8,32.5,22.7,31.2,1
iq,2008,19,0.1361571,0.1631571,0.1391571,0.1345571,50.5,295.9757143,296.8714286,294.6657143,304.5,290.6,47.1,93.15857143,50.5,16.18,6.971428571,26.6,8.966666667,32.4,20.6,18,1
iq,2008,20,0.1963857,0.29632,0.2641571,0.2255857,30.08,294.85,295.4214286,293.2442857,304.4,288.5,18.08,91.50428571,30.08,14.78,7.385714286,26.16666667,7.9,31,18,6.1,0
iq,2008,21,0.2210167,0.2353167,0.1804429,0.1994714,45.69,296.2685714,296.9357143,295.6385714,303.4,291.7,59.4,96.62142857,45.69,17.14428571,5.957142857,26.35,8.85,31.5,21.4,58.2,2
iq,2008,22,0.12245,0.1571,0.086,0.1033143,72.04,296.7414286,297.6928571,295.9942857,304.1,293.8,134.66,96.02571429,72.04,17.52,5.757142857,27.2,9.2,32.3,21.7,76.1,1
iq,2008,23,0.1951857,0.1577143,0.1844286,0.1336143,30.09,296.4,297.3571429,295.21,304.4,292.2,73.01,93.98285714,30.09,16.71142857,6.771428571,26.9,7.55,31.1,20.4,13.6,1
iq,2008,24,0.2937429,0.2643667,0.2466286,0.2919571,13.27,296.1871429,297.3642857,293.8914286,305.8,288.2,12.9,88.81,13.27,15.37571429,9.3,,,,17.8,6.4,0
iq,2008,25,0.2240286,0.1754714,0.2656571,0.2452143,111.18,296.7428571,297.65,295.9342857,304.4,293.8,57.87,95.86,111.18,17.44714286,6.957142857,,,,21,79.8,0
iq,2008,26,0.1970429,0.2779833,0.2139429,0.2656143,89.88,296.4585714,297.25,295.1928571,304.8,291.2,61.8,93.79571429,89.88,16.71285714,7.385714286,,,,18,93.5,1
iq,2008,27,0.3048286,0.2336714,0.2489143,0.2558143,0,296.5428571,297.8071429,293.83,304.9,290.7,9.4,86.52428571,0,15.28571429,9.442857143,,,,20.8,1.3,0
iq,2008,28,0.15385,0.1495857,0.3294429,0.1328857,0,296.5457143,297.4785714,293.5942857,305.9,290.5,7.47,85.65571429,0,15.08,9.271428571,,,,21,0,3
iq,2008,29,0.2323857,0.2139571,0.2203,0.1984286,62.84,296.0785714,297.4071429,294.6914286,304.6,291.8,27.33,93.05571429,62.84,16.14285714,8.442857143,,,,21,44.2,3
iq,2008,30,0.3270167,0.2091167,0.2837667,0.30955,52.36,296.5457143,297.3142857,295.0028571,306.8,287.8,47.59,92.77714286,52.36,16.58285714,8.6,26.6,9.775,32.4,20.8,18.1,1
iq,2008,31,0.3548,0.34655,0.2674167,0.3921167,44.63,297.0442857,298.5,295.37,307.5,292.9,39,92.04857143,44.63,16.87285714,9.771428571,26.68,11.24,33.4,20.6,36.4,5
iq,2008,32,0.2002,0.2513857,0.2113429,0.1997286,32.45,297.31,298.5714286,295.5057143,307.4,292.6,143.35,91.09285714,32.45,17.05714286,9.742857143,27.4,12.1,34.2,18.5,18.1,2
iq,2008,33,0.4303714,0.4330143,0.4369143,0.4657286,26.03,297.2142857,298.5,295.3471429,305.6,292.7,39.69,90.72714286,26.03,16.84714286,9.342857143,27.9,11.225,34.8,19.8,11,5
iq,2008,34,0.2833,0.3044714,0.2744571,0.3805,12.88,299.2285714,300.3071429,294.4185714,310.2,291.8,33,78.27714286,12.88,15.99857143,13.55714286,28,14.075,38.6,19.2,7.9,5
iq,2008,35,0.3181857,0.3197667,0.3081714,0.3236,58.2,298.5742857,300.1428571,295.0928571,310.4,292.7,37,84.49142857,58.2,16.65285714,10.74285714,27.83333333,12.53333333,35.1,20.4,44,5
iq,2008,36,0.3398,0.3691,0.2888,0.3092333,34.59,298.5314286,300.0714286,294.8614286,309.3,293.2,29,83.05,34.59,16.46571429,10.65714286,27.35,13.225,36.2,20.4,8.1,9
iq,2008,37,0.2319,0.27625,0.2612,0.2327833,86.14,296.9214286,298.2428571,295.4842857,305.9,293.4,59.1,92.65285714,86.14,17.03,7.685714286,27.96666667,12.58333333,36.2,20.8,16.5,17
iq,2008,38,0.2168,0.2773333,0.2089333,0.3362667,65.43,297.5885714,298.4285714,295.3071429,306.7,292.1,53.5,88.52571429,65.43,16.81857143,8.571428571,27.8,11.6,35.6,20.7,50.1,19
iq,2008,39,0.41495,0.3634286,0.3224,0.4006857,61.38,297.66,298.6214286,295.49,309.3,292.7,63.27,90.18142857,61.38,17.04714286,8.157142857,27.75,12.45,37,20.8,26.9,25
iq,2008,40,0.3930857,0.3782714,0.3437,0.4048429,24.28,299.1785714,301.15,294.7614286,310.2,292.4,121.3,79.50285714,24.28,16.33142857,12.78571429,,,36,19.6,1,45
iq,2008,41,0.1605571,0.1638714,0.1949333,0.2061143,69.47,300.1014286,301.4071429,295.3614286,310.4,294,53.9,78.45428571,69.47,17.01857143,12.01428571,30.03333333,13.96666667,37,21.5,57.7,34
iq,2008,42,0.2882,0.2278571,0.2807571,0.3579714,69.39,298.35,299.9,295.9157143,310.5,292.7,67.9,88.85714286,69.39,17.52714286,9.971428571,26.45,9.1,34.7,21,24.9,63
iq,2008,43,0.3291571,0.2279,0.2733429,0.2568429,52.65,297.8671429,298.9857143,296.7014286,305,292.7,111.9,93.85428571,52.65,18.38857143,8.714285714,27.33333333,10.06666667,35.5,21.5,24.2,44
iq,2008,44,0.1617429,0.1962,0.1982714,0.2196143,43.6,298.3728571,299.8,296.8257143,308.5,294,149.1,92.60857143,43.6,18.48428571,8.571428571,27.4,11.35,35,21.2,0,50
iq,2008,45,0.5010286,0.445,0.4276857,0.5457286,57.85,298.4642857,299.5285714,297.4685714,307.2,293.1,107.48,95.29,57.85,19.25285714,7.085714286,27.82,12.1,35.6,21.2,109,35
iq,2008,46,0.3042857,0.2946429,0.3062714,0.4003857,60.36,298.4985714,300.2214286,296.01,309.6,293.7,63.9,88.32857143,60.36,17.62571429,10.01428571,28.3,12.86666667,36,20.5,42.6,16
iq,2008,47,0.1930571,0.1965286,0.1762571,0.1830571,59.44,298.89,300.3071429,297.7414286,307.2,295.2,199.52,94.14142857,59.44,19.61714286,7.814285714,27.96666667,12.1,34.5,21.7,10.6,16
iq,2008,48,0.2510143,0.2883143,0.2537,0.3213,81.11,298.53,299.7214286,297.5771429,306.1,294.7,90.68,95.26,81.11,19.38857143,7.1,26.1,8.35,33.5,21,59,13
iq,2008,49,0.1643667,0.19635,0.1731333,0.1549167,45.03,298.1114286,299.1285714,297.0442857,305.2,293.4,139.55,94.64,45.03,18.77857143,7.142857143,26.96,10.64,33.7,21,80,9
iq,2008,50,0.2894167,0.34778,0.2748286,0.2580857,64.03,298.6514286,300.2142857,296.1828571,308.9,295.1,53.25,88.55142857,64.03,17.78428571,9.2,27.8,11.175,35,21.2,17.2,15
iq,2008,51,0.1783857,0.2191714,0.2497286,0.1923,70.92,298.5285714,300.2571429,296.8471429,306.3,295.2,57.61,91.77714286,70.92,18.57285714,9.057142857,27.825,12.15,35,20.5,51,4
iq,2008,52,0.2634125,0.219875,0.2000875,0.226625,55.11,299.5571429,300.7714286,295.5942857,308.3,293.9,41.6,81.86857143,55.11,17.24857143,10.34285714,28.08,12.02,35.4,21.2,0.5,0
iq,2009,1,0.1512857,0.1616857,0.1532714,0.1194429,,,,,,,,,,,,,,,,,1
iq,2009,2,0.2299167,0.12234,0.2611667,0.22305,52.28,297.7257143,299.0071429,296.7842857,304.6,294.2,93.55,95.22285714,52.28,18.46142857,7.5,27.26666667,11.1,34.8,21.1,86.1,10
iq,2009,3,0.1884857,0.1881857,0.2039143,0.2775,72.03,296.6828571,297.4142857,296.4185714,304,295.2,149.77,98.61,72.03,17.99571429,3.714285714,27.18,10.24,33.3,21.1,72.8,11
iq,2009,4,0.1884571,0.1993143,0.2027,0.2139286,76.16,296.55,297.5142857,295.1371429,303.5,292.7,53.81,92.46714286,76.16,16.64142857,6.485714286,27.56666667,10.7,34,21.8,11.2,29
iq,2009,5,0.1667333,0.1737333,0.1904333,0.1617167,118.54,297.4957143,298.8,296.5142857,304.4,294,66.1,94.92857143,118.54,18.13,8.142857143,27.65,11.65,33.9,21.1,67.8,35
iq,2009,6,0.2799143,0.2402857,0.1957286,0.3076571,149.06,297.4057143,298.1928571,296.84,302.7,294.5,93.3,97.00714286,149.06,18.48428571,5.185714286,27.46666667,12.33333333,35,21,44.1,30
iq,2009,7,0.1702714,0.1511143,0.1404714,0.1429714,60.51,297.3228571,298.4714286,296.1942857,305.7,292.9,48.72,94.23428571,60.51,17.76571429,7.171428571,28.1,12.33333333,35,21.2,14,20
iq,2009,8,0.1887857,0.1594571,0.1568714,0.2029857,124.8,297.6857143,299.0142857,296.2542857,306.7,294.2,124,92.90571429,124.8,17.85285714,6.828571429,27.7,12.54,35,20.5,111.4,21
iq,2009,9,0.28236,0.3051167,0.2940833,0.3160167,147.44,297.3914286,298.8642857,296.4942857,306.6,294.3,102.72,95.12142857,147.44,18.12857143,7.071428571,26.58,10.52,33.2,20.5,84.1,12
iq,2009,10,0.3620714,0.3367,0.3453,0.3792857,58.56,297.8442857,299,296.71,304.6,294.5,87.28,94.37857143,58.56,18.35428571,6.8,28.4,11.45,35,21,49.1,9
iq,2009,11,0.2034286,0.1784429,0.2259714,0.2018714,97.8,297.0585714,298.0142857,296.7157143,304,293.6,108.83,98.13428571,97.8,18.35285714,6.028571429,27.3,11.8,33.8,21,0,11
iq,2009,12,0.1578833,0.1921,0.2137286,0.2013857,106.68,297.3657143,298.25,296.5,304.6,293.6,66.83,95.70857143,106.68,18.10571429,6.185714286,27.8,10.5,33.7,21,14.3,9
iq,2009,13,0.2235857,0.2591333,0.2632857,0.3057857,100.78,297.1528571,298.3214286,296.1842857,303.3,294.6,49.93,94.90285714,100.78,17.78,6.357142857,28.5,11.5,34.4,21.5,45,5
iq,2009,14,0.08905714,0.05895,0.08927143,0.09934286,131.17,297.2457143,298.3857143,296.5457143,304.5,294.1,63.3,96.39571429,131.17,18.17571429,6.742857143,27.95,10.9,34.2,21.7,19,11
iq,2009,15,0.1468429,0.1416571,0.1411857,0.1487714,133.47,297.89,298.9,295.8042857,306.8,293.1,50.64,89.67285714,133.47,17.42,9.028571429,27.13333333,10.86666667,35,21,134.9,3
iq,2009,16,0.2236,0.1788286,0.175,0.2161429,99.77,296.6357143,297.6214286,296.1357143,304.7,292.6,74.5,97.3,99.77,17.70428571,6.385714286,26.9,10.83333333,33,21.2,87.3,5
iq,2009,17,0.1953429,0.2856714,0.1611857,0.2023857,52.74,297.5457143,298.2785714,296.8871429,303.6,294.9,62.74,96.66428571,52.74,18.50428571,4.985714286,26.8,8.7,34.4,21.2,41.2,5
iq,2009,18,0.2835857,0.3455143,0.2374429,0.3161286,99.89,297.4042857,298.3214286,296.4485714,303.6,294.3,93.8,95.07857143,99.89,18.01857143,6.271428571,27.15,10.75,34,21,30.8,4
iq,2009,19,0.1907571,0.2645571,0.2538857,0.2192,30.73,297.5628571,298.5428571,296.4842857,306.8,292.9,59.5,95.1,30.73,18.09,7.142857143,28.1,10.5,35,22,44,4
iq,2009,20,0.2077429,0.2278571,0.2542,0.2160429,38.51,297.6071429,299.0071429,296.2714286,306.5,292.7,46.43,93.29857143,38.51,17.85857143,9.071428571,28.075,11.425,35,22,11.2,1
iq,2009,21,0.3312143,0.2172,0.2093857,0.3445143,66.46,297.7242857,299.5214286,296.0128571,307.1,293.4,39.89,91.79,66.46,17.58571429,10.07142857,28.35,11.45,34.6,21.4,50.5,0
iq,2009,22,0.2383429,0.1973167,0.1655,0.1901429,40.04,296.7042857,297.5214286,296.2642857,305.1,292.7,73,97.74285714,40.04,17.83,5.614285714,27.6,10.26666667,34.4,21,19.3,2
iq,2009,23,0.114,0.09244286,0.09747143,0.1262857,42.22,296.1257143,296.7785714,295.2671429,302.5,292.8,53.91,95.50714286,42.22,16.75714286,6.071428571,28.1,11.8,34,22.2,,3
iq,2009,24,0.1871286,0.1578,0.1434571,0.1994714,8.74,295.1042857,295.7785714,293.91,305.2,289.9,112.31,94.13,8.74,15.48285714,6.242857143,24.66666667,8.633333333,33.5,20,23.9,3
iq,2009,25,0.2916714,0.3070286,0.3562286,0.3891143,43.32,296.0314286,297.3142857,294.8628571,305.2,292,45.97,93.97142857,43.32,16.36285714,7.714285714,27.05,10.9,33.5,19.4,21,5
iq,2009,26,0.2708,0.2051833,0.2401286,0.2001571,141.65,297.2171429,298.5214286,296.11,305.6,293.2,66.41,94.55571429,141.65,17.66714286,8.642857143,27.375,11.125,33.4,21.2,40.6,2
iq,2009,27,0.1868571,0.1769143,0.2230714,0.2189857,68.15,296.4528571,297.8214286,295.3571429,304.6,292.3,55.5,94.53857143,68.15,16.87428571,8.642857143,27.45,10.7,33.4,21.4,14,1
iq,2009,28,0.3859143,0.2903833,0.3364286,0.2927857,91.4,296.0657143,296.9928571,295.1671429,306.2,291.4,39.67,95.38571429,91.4,16.68,8.128571429,27.6,10.76666667,33.4,21.6,2,2
iq,2009,29,0.21965,0.37805,0.2238714,0.2659,65.19,296.5271429,297.6642857,295.4114286,306.8,292.7,40.1,94.62428571,65.19,16.92,7.271428571,26.825,10.425,34.5,21.3,38.9,0
iq,2009,30,0.2078833,0.28085,0.1756,0.2616,35.82,296.5257143,297.9642857,294.0528571,306.7,292.3,12.93,88.23,35.82,15.51,9.528571429,26.95,10.25,32.2,21,20.4,0
iq,2009,31,0.1543571,0.1152714,0.1534571,0.1559,51.77,297.0871429,298.2357143,295.0457143,307.9,290.4,39.3,89.97142857,51.77,16.60285714,9.757142857,27,11.5,33.5,20.5,32,3
iq,2009,32,0.395,0.3527333,0.4842857,0.4019143,9.79,297.37,298.8785714,294.8242857,307.9,290.7,34.4,87.81142857,9.79,16.33714286,11.75714286,27.975,12.1,35.4,20.5,,5
iq,2009,33,0.3308857,0.4083,0.4433571,0.3347714,35.23,298.3571429,299.9857143,295.5071429,308.2,292.2,43.2,87.11,35.23,17.04,11.34285714,27.7,11.5,33.4,21,20.1,5
iq,2009,34,0.2206286,0.1943571,0.2785714,0.2604571,6.52,298.6771429,300.1071429,294.7085714,309.3,293,25.3,80.64,6.52,16.22857143,10.92857143,28.32,12.86,36.2,21.2,1,7
iq,2009,35,0.2453429,0.1859857,0.1813429,0.2820571,95.83,298.9971429,300.9214286,296.4442857,310.4,293.4,45.34,88.17714286,95.83,18.12285714,11.78571429,29,13,36.2,22,27.2,5
iq,2009,36,0.5083571,0.4544286,0.5383143,0.5148286,83.02,297.3885714,298.45,296.3885714,305,293.5,78.37,94.99285714,83.02,17.98857143,7.642857143,27.6,13.2,34.2,21,47.5,2
iq,2009,37,0.1896167,0.192,0.2368143,0.2696857,13.74,299.8557143,300.75,294.3142857,310,291.8,9.3,75.23285714,13.74,15.86571429,13.04285714,29.16666667,14.13333333,37.4,21.4,6.1,2
iq,2009,38,0.26632,0.3133667,0.1956571,0.3070714,40.17,299.47,300.8142857,294.6185714,310,293.5,23.01,78.11857143,40.17,16.20285714,11.6,28.85,12.75,37.2,20.4,0.8,2
iq,2009,39,0.2943143,0.2706714,0.3020714,0.2540143,78.68,299.3242857,301.0285714,295.8271429,309.8,293.7,33,83.76285714,78.68,17.38,11,28.86666667,13.3,37,21,8.1,0
iq,2009,40,0.2063,0.2552571,0.2799571,0.2066571,57.18,298.0342857,299.5714286,296.3442857,307.4,294.8,79.1,91.57571429,57.18,17.94714286,8.514285714,27.95,12.225,35.2,20.5,33.1,2
iq,2009,41,0.2322714,0.2725,0.2715714,0.2853857,20.58,298.7071429,300.1285714,296.5614286,308.3,294.3,43.94,89.31,20.58,18.13428571,9.285714286,27.64,11.66,34.8,21,29.4,1
iq,2009,42,0.2974143,0.2821714,0.2559286,0.3197857,30.49,299.7371429,301,295.35,311.3,293.8,18.1,79.22285714,30.49,16.89571429,11.88571429,27.75,10.65,34.2,21.2,11.2,1
iq,2009,43,0.2968,0.3084857,0.3623,0.3616571,82.59,298.8557143,300.2857143,296.9185714,307.2,294.1,67.4,90.65714286,82.59,18.66142857,8.571428571,27.73333333,12.2,35.3,21,137.1,2
iq,2009,44,0.2907571,0.23795,0.3176857,0.2616,77.38,298.6785714,300.0714286,297.4428571,310.8,294.9,84.54,93.80857143,77.38,19.25428571,8.342857143,27.8,11.32,35.2,21,11.2,2
iq,2009,45,0.3886714,0.3728167,0.2499,0.3730143,45.79,299.1614286,300.4785714,297.14,309.7,292.2,47.31,90.37285714,45.79,18.93714286,10.18571429,29.86666667,12.73333333,36.8,21.2,3.5,3
iq,2009,46,0.3688714,0.3799571,0.3800286,0.4679286,96.23,300.3214286,301.7857143,296.9257143,308.7,296,31.65,84.31142857,96.23,18.66428571,10.45714286,28.94,11.96,35.3,21.9,88.2,9
iq,2009,47,0.40705,0.3351,0.3665,0.38935,29.72,300.4857143,301.75,296.1085714,311,294.5,47,80.78714286,29.72,17.80714286,11.92857143,28.9,12.33333333,36.2,22.3,39.1,5
iq,2009,48,0.3361143,0.2877667,0.3254571,0.3576,38.17,299.4557143,300.6142857,297.2257143,308.7,295.1,60.7,89.59428571,38.17,19.00142857,8.714285714,28.43333333,11.83333333,36.2,21.8,17,5
iq,2009,49,0.3485286,0.2904,0.4106143,0.3704571,73.45,298.7628571,299.9357143,296.97,308.9,295,134.43,91.70857143,73.45,18.67142857,7.757142857,28.025,10.375,35.3,22.2,49,4
iq,2009,50,0.1922,0.1935286,0.2398857,0.2858857,85.62,299.1985714,300.6785714,296.5957143,308.6,294.6,49.32,87.75285714,85.62,18.30428571,10.44285714,28.55,11,35.2,21.2,41.9,4
iq,2009,51,0.2176,0.2403,0.1817714,0.2623,81.21,298.3471429,299.35,296.9057143,307.5,295,208.87,92.95857143,81.21,18.60142857,6.671428571,28.2,11.125,35.6,22,54.1,1
iq,2009,52,0.2104222,0.2571375,0.2211333,0.3002556,98.79,297.1814286,298.1857143,296.5571429,302.9,294.9,66.3,96.88571429,98.79,18.18,5.257142857,27.2,8.2,32.2,21.8,31.2,0
iq,2010,53,,,,,,,,,,,,,,,,,,,,,0
iq,2010,1,0.1245714,0.1791286,0.1638429,0.1354714,27.04,299.2642857,300.5214286,294.53,308.6,292.8,8.5,78.27142857,27.04,16.12714286,11.1,28.6,12.3,35.1,21.8,,10
iq,2010,2,0.1452857,0.1423143,0.1353,0.1675286,32.99,298.2971429,299.9357143,296.1471429,308,293.8,144.6,89.80714286,32.99,17.75857143,9.157142857,27.83333333,11.3,34.2,22.1,15,9
iq,2010,3,0.2521143,0.2304857,0.1873286,0.3027857,19.04,298.9257143,300.4571429,296.38,307.8,294.8,31.2,87.64142857,19.04,18.00142857,8.628571429,28.96666667,11.26666667,35.2,22.5,0.8,17
iq,2010,4,0.2632714,0.2306,0.2188714,0.2612857,138.51,298.2914286,299.6142857,296.56,308.3,295,65.76,91.79857143,138.51,18.19285714,7.685714286,27.8,10.52,35.3,22.4,166,16
iq,2010,5,0.1701,0.1421167,0.1179143,0.1393429,47.31,298.7542857,300.3428571,296.8371429,306.1,295.6,95.83,90.64857143,47.31,18.52285714,8.314285714,27.8,9.266666667,34.2,22,62.3,11
iq,2010,6,0.2307571,0.1892571,0.1634857,0.2388714,78.25,298.2514286,299.6785714,297.5685714,306.2,295.5,172.7,96.51571429,78.25,19.34571429,6.328571429,27,8.3,33.2,22.9,14.5,12
iq,2010,7,0.2933,0.2478286,0.2066286,0.2666714,32.19,299.6485714,300.95,297.09,309.2,294.5,54.2,88.36571429,32.19,18.85714286,9.414285714,27.3,11.8,35.5,21.4,60.9,19
iq,2010,8,0.3036571,0.2600571,0.2254857,0.3333143,84.67,298.9171429,300.4857143,297.9285714,308.2,295.2,288.4,94.91571429,84.67,19.77285714,8.171428571,28.02,10.36,35.4,21.4,29.9,15
iq,2010,9,0.1273167,0.18116,0.1204667,0.1427667,80.58,298.3371429,299.6642857,297.9171429,306.3,295.8,144.98,97.7,80.58,19.75428571,6.242857143,28.5,9.9,35.4,21.2,9.9,12
iq,2010,10,0.3117286,0.2926857,0.2725857,0.3948,57.78,298.8371429,300.0928571,298.1414286,306.9,292.8,86.1,96.25,57.78,20.09142857,8.814285714,28.55,10.05,35.4,21.4,44.5,12
iq,2010,11,0.2946,0.2509714,0.2814714,0.3416429,121.2,299.1914286,300.9285714,298.45,307.4,294,191.76,96.12428571,121.2,20.46142857,8.828571429,30,12,36,22,22.9,16
iq,2010,12,0.2662857,0.3012333,0.296,0.2957429,51.29,299.0042857,300.3,297.5557143,307.9,294.6,214.9,93.08285714,51.29,19.36857143,8.028571429,27.46666667,9.333333333,34.5,21,20,9
iq,2010,13,0.1414333,0.2047286,0.2509714,0.1452429,49.8,299.0028571,300.7142857,296.5685714,309.1,294.2,24.25,88.70714286,49.8,18.21428571,9.514285714,27.93333333,12.3,35.3,21,16,4
iq,2010,14,0.2428429,0.2727571,0.2022714,0.2601143,93.76,299.1157143,300.2714286,298.1614286,308.4,294.6,164.7,95.18285714,93.76,20.07857143,7.714285714,29.2,12.3,35.4,22.5,,9
iq,2010,15,0.1576857,0.1566143,0.1840143,0.1358857,17.33,298.3057143,299.5571429,297.0028571,307.3,294.3,150.8,93.65571429,17.33,18.67714286,7.228571429,27.15,9.6,33,21.2,18,6
iq,2010,16,0.2314857,0.2946857,0.3316571,0.2444,86.7,298.4385714,299.5071429,297.6785714,304.7,294.7,81.4,95.99571429,86.7,19.44857143,7.757142857,27.85,9.6,33.5,22.5,51.1,8
iq,2010,17,0.2397429,0.2592714,0.3077857,0.3079429,26,299.0485714,300.0285714,296.4685714,308.4,294.6,23.6,87.65714286,26,18.06857143,8.257142857,28.85,12.125,36.2,21.4,35.4,4
iq,2010,18,0.2608143,0.2557857,0.2577714,0.3402857,73.97,297.6171429,298.5857143,296.9757143,304.7,294.6,85.46,96.71285714,73.97,18.60285714,5.714285714,27.6,9.6,33.2,21.4,8.1,2
iq,2010,19,0.1686857,0.1585,0.1330714,0.1456,59.4,297.2785714,297.9357143,296.7385714,306,294,87.3,97.44571429,59.4,18.39142857,6.185714286,27.4,10.4,33.7,21.2,32,7
iq,2010,20,0.2630714,0.2725,0.2582714,0.2445,1.15,297.6485714,298.7071429,293.2271429,308.7,290.1,8.8,78.99857143,1.15,14.90857143,11.24285714,25.63333333,9.2,34,20,2.5,6
iq,2010,21,0.34275,0.3189,0.2563429,0.2925143,55.3,299.3342857,300.7714286,296.8257143,309.7,294.5,45,88.76571429,55.3,18.48571429,9.8,28.63333333,11.93333333,35.4,22.4,27,5
iq,2010,22,0.1601571,0.1603714,0.1360429,0.2256571,86.47,298.33,299.3928571,296.4528571,308.5,291.9,207.1,91.6,86.47,18.07,7.471428571,27.43333333,10.5,34.7,21.7,36.6,8
iq,2010,23,0.2470571,0.1460571,0.2503571,0.2337143,58.94,296.5985714,297.5928571,295.5014286,305.5,292.4,50.6,94.28,58.94,17.00857143,7.5,24.4,6.9,32.2,19.2,7.4,1
iq,2010,24,0.3339143,0.2457714,0.2788857,0.3254857,59.67,296.3457143,297.5214286,295.3242857,306.1,291.9,62.33,94.66,59.67,16.81571429,7.871428571,25.43333333,8.733333333,31.2,21,16,1
iq,2010,25,0.2981857,0.2329714,0.2742143,0.3157571,63.22,298.0971429,299.8357143,295.8071429,307.8,292.3,36.9,89.08285714,63.22,17.35571429,11.01428571,27.475,9.9,33.7,22.2,20.4,4
